seed,object,held_out_topology,source_objects,world_condition,setting,observation_fraction,node_truth,node_map,node_correct,node_confidence,node_truth_probability,node_brier,node_credible_covered,delay_map,delay_map_correct,delay_map_confidence,joint_effective_sample_size,joint_normalized_entropy,gain_truth,gain_posterior_mean,gain_absolute_error,gain_interval_lower,gain_interval_upper,gain_covered,gain_crps,delay_truth,delay_posterior_mean,delay_absolute_error,delay_interval_lower,delay_interval_upper,delay_covered,delay_crps,slip_truth,slip_posterior_mean,slip_absolute_error,slip_interval_lower,slip_interval_upper,slip_covered,slip_crps,rotation_deg_truth,rotation_deg_posterior_mean,rotation_deg_absolute_error,rotation_deg_interval_lower,rotation_deg_interval_upper,rotation_deg_covered,rotation_deg_crps,parameter_effective_sample_size,stiffness_posterior_mean,stiffness_absolute_error,damping_posterior_mean,damping_absolute_error,contact_gain_posterior_mean,contact_gain_absolute_error
0,rope,True,cloth;soft_block,matched_contact,pre_intervention,0.0,6,6,True,0.5,0.5,0.5,True,0,True,0.46534653465346537,22.10317832167822,0.8064721393547003,1.0,0.8516380415993928,0.14836195840060717,0.7,1.0,True,0.07665431358792849,0.0,1.0,1.0,0.0,2.0,True,0.5024017253210469,0.0,0.02156583002743193,0.02156583002743193,0.0,0.2,True,0.0023254251238604244,8.0,6.639522045464911,1.3604779545350887,0.0,8.0,True,0.23136253309699728,7.20832049046463,7.882006605269497,0.6179933947305027,0.6369964233914882,0.016996423391488213,0.7850555934544245,0.1349444065455755
0,rope,True,cloth;soft_block,matched_contact,online_adaptation,0.2,6,6,True,0.9999999999999999,0.9999999999999999,1.2325951669147668e-32,True,0,True,0.9995184160990351,1.1635044897605518,0.07497068306504058,1.0,0.9901576084372954,0.009842391562704611,0.85,1.0,True,0.0005921932732751416,0.0,0.000482503994795534,0.000482503994795534,0.0,0.0,True,2.319239002412563e-07,0.0,8.980874227455349e-05,8.980874227455349e-05,0.0,0.0,True,4.032805094469178e-08,8.0,7.901195083599072,0.09880491640092792,8.0,8.0,True,0.0012203014381242938,6.676989858176153,7.99665839279048,0.5033416072095198,0.586088138170571,0.03391186182942896,0.7868875122029155,0.1331124877970845
0,rope,True,cloth;soft_block,shifted_contact,pre_intervention,0.0,5,6,False,0.5,0.5,0.5,True,0,False,0.46534653465346537,22.10317832167822,0.8064721393547003,0.72,0.8516380415993928,0.13163804159939285,0.7,1.0,True,0.07552731363212398,2.0,1.0,1.0,0.0,2.0,True,0.5024017253210469,0.0,0.02156583002743193,0.02156583002743193,0.0,0.2,True,0.0023254251238604244,8.0,6.639522045464911,1.3604779545350887,0.0,8.0,True,0.23136253309699728,7.20832049046463,7.882006605269497,0.6179933947305027,0.6369964233914882,0.016996423391488213,0.7850555934544245,0.1349444065455755
0,rope,True,cloth;soft_block,shifted_contact,online_adaptation,0.2,5,5,True,0.9998200736083894,0.9998200736083894,6.474701279605604e-08,True,2,True,0.9322682315097356,5.252991723474079,0.4762664700566509,0.72,0.8328954263154227,0.11289542631542271,0.7,1.0,True,0.06055961421956216,2.0,1.9114481157276606,0.0885518842723394,1.0,2.0,True,0.005021069683997778,0.0,0.013278405512464054,0.013278405512464054,0.0,0.2,True,0.0008815802647671768,8.0,6.5674848208515915,1.4325151791484085,0.0,8.0,True,0.2565124673113246,7.05584170521599,7.882232673802258,0.6177673261977423,0.6265396297772118,0.006539629777211786,0.784235450648049,0.13576454935195104
0,cloth,True,rope;soft_block,matched_contact,pre_intervention,0.0,2,2,True,0.5,0.5,0.33333333333333337,True,0,True,0.4653465346534653,33.154767482517336,0.804520809460551,1.0,0.8516380415993927,0.14836195840060729,0.7,1.0,True,0.07665431358792846,0.0,1.0,1.0,0.0,2.0,True,0.502401725321047,0.0,0.021565830027431943,0.021565830027431943,0.0,0.2,True,0.0023254251238604313,8.0,6.639522045464913,1.360477954535087,0.0,8.0,True,0.23136253309699684,11.595371795256455,6.330036218521645,0.06996378147835536,0.8775518694542207,0.03755186945422073,0.6699366051288543,0.11006339487114569
0,cloth,True,rope;soft_block,matched_contact,online_adaptation,0.2,2,2,True,0.9999999999999128,0.9999999999999128,1.3040894943408272e-26,True,0,True,0.9977862385559421,1.7583490246569264,0.16384561923006719,1.0,0.9367337632943228,0.06326623670567721,0.7,1.0,True,0.014109573107462386,0.0,0.003931171327436852,0.003931171327436852,0.0,0.0,True,7.85023643872472e-06,0.0,4.33199341273963e-05,4.33199341273963e-05,0.0,0.0,True,9.383083464011433e-09,8.0,7.935804451704692,0.0641955482953076,8.0,8.0,True,0.0005151335526168838,8.983732338849821,6.278318438357468,0.12168156164253219,0.8264934301301103,0.013506569869889629,0.6649652222557568,0.1150347777442432
0,cloth,True,rope;soft_block,shifted_contact,pre_intervention,0.0,1,2,False,0.5,0.16666666666666669,0.9999999999999999,True,0,False,0.4653465346534653,33.154767482517336,0.804520809460551,0.72,0.8516380415993927,0.13163804159939274,0.7,1.0,True,0.07552731363212398,2.0,1.0,1.0,0.0,2.0,True,0.502401725321047,0.0,0.021565830027431943,0.021565830027431943,0.0,0.2,True,0.0023254251238604313,8.0,6.639522045464913,1.360477954535087,0.0,8.0,True,0.23136253309699684,11.595371795256455,6.330036218521645,0.06996378147835536,0.8775518694542207,0.03755186945422073,0.6699366051288543,0.11006339487114569
0,cloth,True,rope;soft_block,shifted_contact,online_adaptation,0.2,1,1,True,0.9335191195372525,0.9335191195372525,0.008645857658562944,True,2,True,0.9986622862386532,1.5558517112960166,0.16331329233215908,0.72,0.7340739326527301,0.014073932652730159,0.7,1.0,True,0.018544966951855608,2.0,1.9975871051300753,0.0024128948699246866,2.0,2.0,True,2.9454925235400387e-06,0.0,0.0003611292298692145,0.0003611292298692145,0.0,0.0,True,6.520716033296225e-07,8.0,7.932392807576347,0.06760719242365276,8.0,8.0,True,0.0005713415584261,9.237517294850113,6.225017771793933,0.17498222820606735,0.8736169037796626,0.033616903779662644,0.664465678734006,0.11553432126599406
0,soft_block,True,rope;cloth,matched_contact,pre_intervention,0.0,3,3,True,0.5,0.5,0.3333333333333333,True,0,True,0.4653465346534653,33.154767482517336,0.804520809460551,1.0,0.8516380415993926,0.1483619584006074,0.7,1.0,True,0.07665431358792846,0.0,0.9999999999999999,0.9999999999999999,0.0,2.0,True,0.5024017253210469,0.0,0.021565830027431933,0.021565830027431933,0.0,0.2,True,0.002325425123860428,8.0,6.639522045464913,1.360477954535087,0.0,8.0,True,0.23136253309699684,10.622160976465153,10.08641087706579,0.51358912293421,1.1152850867641955,0.035285086764195395,0.9068982166380171,0.153101783361983
0,soft_block,True,rope;cloth,matched_contact,online_adaptation,0.2,3,3,True,1.0,1.0,4.0083492754819926e-37,True,0,True,0.9997388630683801,1.115056676883386,0.051967789035290715,1.0,0.9909404949216467,0.009059505078353292,1.0,1.0,True,0.00037025308497229403,0.0,0.00034687790295486023,0.00034687790295486023,0.0,0.0,True,7.554401122131281e-08,0.0,1.9736943553697423e-05,1.9736943553697423e-05,0.0,0.0,True,1.9477347042076015e-09,8.0,7.955606565719903,0.04439343428009668,8.0,8.0,True,0.0002463471258976613,7.2015716781480625,9.985286487103133,0.6147135128968664,1.0262591869788809,0.053740813021119216,0.9017308664665304,0.1582691335334696
0,soft_block,True,rope;cloth,shifted_contact,pre_intervention,0.0,2,3,False,0.5,0.16666666666666663,1.0,True,0,False,0.4653465346534653,33.154767482517336,0.804520809460551,0.72,0.8516380415993926,0.13163804159939263,0.7,1.0,True,0.07552731363212395,2.0,0.9999999999999999,1.0,0.0,2.0,True,0.5024017253210469,0.0,0.021565830027431933,0.021565830027431933,0.0,0.2,True,0.002325425123860428,8.0,6.639522045464913,1.360477954535087,0.0,8.0,True,0.23136253309699684,10.622160976465153,10.08641087706579,0.51358912293421,1.1152850867641955,0.035285086764195395,0.9068982166380171,0.153101783361983
0,soft_block,True,rope;cloth,shifted_contact,online_adaptation,0.2,2,2,True,0.8746120156524183,0.8746120156524183,0.031439941974606346,True,2,True,0.5541824384906817,3.627715458013362,0.33842199725843786,0.72,0.8434140113494246,0.12341401134942465,0.7,1.0,True,0.06856551539506585,2.0,1.1111691544754185,0.8888308455245815,0.0,2.0,True,0.39501406796410304,0.0,0.0005839568514507319,0.0005839568514507319,0.0,0.0,True,1.7050280217813588e-06,8.0,7.860685759307787,0.13931424069221343,8.0,8.0,True,0.002426057207456006,7.654966371951724,9.82055275236222,0.7794472476377798,1.2241416250145678,0.14414162501456773,0.9019237062324823,0.15807629376751775
1,rope,True,cloth;soft_block,matched_contact,pre_intervention,0.0,6,6,True,0.5,0.5,0.5,True,0,True,0.4653465346534654,22.10317832167822,0.8064721393547003,1.0,0.8516380415993929,0.14836195840060706,0.7,1.0,True,0.07665431358792844,0.0,1.0000000000000002,1.0000000000000002,0.0,2.0,True,0.5024017253210471,0.0,0.021565830027431933,0.021565830027431933,0.0,0.2,True,0.0023254251238604244,8.0,6.639522045464912,1.3604779545350878,0.0,8.0,True,0.23136253309699706,6.930373194511313,7.991978341606482,0.5080216583935178,0.6147425814393943,0.005257418560605687,0.783824338025061,0.13617566197493902
1,rope,True,cloth;soft_block,matched_contact,online_adaptation,0.2,6,6,True,1.0,1.0,1.4703511423648108e-141,True,0,True,0.9999999999961242,1.000425872242396,0.00047471808480168776,1.0,0.9999994913234571,5.086765428874429e-07,1.0,1.0,True,1.7250077724907618e-12,0.0,3.875727893323138e-12,3.875727893323138e-12,0.0,0.0,True,1.5021729170933694e-23,0.0,1.3117731749582954e-11,1.3117731749582954e-11,0.0,0.0,True,8.603728502188518e-22,8.0,7.998323999526274,0.0016760004737257361,8.0,8.0,True,3.5112219849112343e-07,1.996134836166652,8.429874082997884,0.07012591700211601,0.3643017196467736,0.2556982803532264,0.7822310714431109,0.13776892855688916
1,rope,True,cloth;soft_block,shifted_contact,pre_intervention,0.0,5,6,False,0.5,0.5,0.5,True,0,False,0.4653465346534654,22.10317832167822,0.8064721393547003,0.72,0.8516380415993929,0.13163804159939296,0.7,1.0,True,0.07552731363212396,2.0,1.0000000000000002,0.9999999999999998,0.0,2.0,True,0.5024017253210471,0.0,0.021565830027431933,0.021565830027431933,0.0,0.2,True,0.0023254251238604244,8.0,6.639522045464912,1.3604779545350878,0.0,8.0,True,0.23136253309699706,6.930373194511313,7.991978341606482,0.5080216583935178,0.6147425814393943,0.005257418560605687,0.783824338025061,0.13617566197493902
1,rope,True,cloth;soft_block,shifted_contact,online_adaptation,0.2,5,5,True,0.9182764186194203,0.9182764186194203,0.013357487507336428,True,2,True,0.9970632131131454,2.0266974599361856,0.2707942892047731,0.72,0.7575683851220221,0.0375683851220221,0.7,1.0,True,0.022212881133390663,2.0,1.9955325788712237,0.004467421128776294,2.0,2.0,True,1.0967558401343142e-05,0.0,0.005072617841283124,0.005072617841283124,0.0,0.0,True,0.00012865725881851947,8.0,7.816921440121176,0.18307855987882427,8.0,8.0,True,0.004189719885913018,4.301464777666191,8.08682682932524,0.4131731706747601,0.5460934398289098,0.07390656017109021,0.7820036544561074,0.13799634554389262
1,cloth,True,rope;soft_block,matched_contact,pre_intervention,0.0,2,2,True,0.5,0.5,0.3333333333333333,True,0,True,0.4653465346534653,33.154767482517336,0.804520809460551,1.0,0.8516380415993927,0.14836195840060729,0.7,1.0,True,0.07665431358792846,0.0,0.9999999999999999,0.9999999999999999,0.0,2.0,True,0.5024017253210469,0.0,0.02156583002743195,0.02156583002743195,0.0,0.2,True,0.0023254251238604313,8.0,6.639522045464913,1.360477954535087,0.0,8.0,True,0.23136253309699684,11.528193390792865,6.209416505252677,0.19058349474732328,0.8368907248377893,0.0031092751622107118,0.6630000000000001,0.11699999999999988
1,cloth,True,rope;soft_block,matched_contact,online_adaptation,0.2,2,2,True,0.9999999999999992,0.9999999999999992,1.1401999962712382e-30,True,0,True,0.999975681003064,1.13340624265275,0.05523356726259338,1.0,0.9880258812112926,0.011974118788707355,0.85,1.0,True,0.0006118198543990094,0.0,2.961544823894085e-05,2.961544823894085e-05,0.0,0.0,True,6.194660083794158e-10,0.0,0.0001406914831244586,0.0001406914831244586,0.0,0.0,True,9.897046711880055e-08,8.0,7.999288894089157,0.0007111059108426687,8.0,8.0,True,6.320895205435152e-08,8.947290942354597,6.081946973110955,0.3180530268890456,0.929703108855606,0.08970310885560606,0.6629999999999998,0.11700000000000021
1,cloth,True,rope;soft_block,shifted_contact,pre_intervention,0.0,1,2,False,0.5,0.16666666666666663,1.0,True,0,False,0.4653465346534653,33.154767482517336,0.804520809460551,0.72,0.8516380415993927,0.13163804159939274,0.7,1.0,True,0.07552731363212398,2.0,0.9999999999999999,1.0,0.0,2.0,True,0.5024017253210469,0.0,0.02156583002743195,0.02156583002743195,0.0,0.2,True,0.0023254251238604313,8.0,6.639522045464913,1.360477954535087,0.0,8.0,True,0.23136253309699684,11.528193390792865,6.209416505252677,0.19058349474732328,0.8368907248377893,0.0031092751622107118,0.6630000000000001,0.11699999999999988
1,cloth,True,rope;soft_block,shifted_contact,online_adaptation,0.2,1,1,True,0.99999990721133,0.99999990721133,1.6254951495113327e-14,True,0,False,0.9806276884576804,2.525892312961291,0.21641546244556925,0.72,0.83351903379629,0.11351903379629003,0.7,1.0,True,0.060326236451985704,2.0,0.03775840177410358,1.9622415982258965,0.0,0.0,False,1.9251965312202968,0.0,0.0003192281619669938,0.0003192281619669938,0.0,0.0,True,5.095330969640249e-07,8.0,7.978526485284554,0.021473514715445674,8.0,8.0,True,5.7638979279312635e-05,9.170302210458447,6.099409833313744,0.3005901666862565,0.9158453155262894,0.07584531552628948,0.6630000000000001,0.11699999999999988
1,soft_block,True,rope;cloth,matched_contact,pre_intervention,0.0,3,3,True,0.5,0.5,0.3333333333333333,True,0,True,0.4653465346534653,33.154767482517336,0.804520809460551,1.0,0.8516380415993928,0.14836195840060717,0.7,1.0,True,0.07665431358792846,0.0,0.9999999999999999,0.9999999999999999,0.0,2.0,True,0.5024017253210469,0.0,0.02156583002743194,0.02156583002743194,0.0,0.2,True,0.002325425123860428,8.0,6.639522045464913,1.360477954535087,0.0,8.0,True,0.23136253309699684,10.92820443387669,10.222257632492173,0.3777423675078264,1.1540366454818365,0.07403664548183642,0.9246956471580908,0.13530435284190923
1,soft_block,True,rope;cloth,matched_contact,online_adaptation,0.2,3,3,True,0.9999999998365501,0.9999999998365501,4.944779800621879e-20,True,0,True,0.8402427765355653,2.239311738628071,0.227149453486412,1.0,0.7937987479413715,0.2062012520586285,0.7,1.0,True,0.14232541436361493,0.0,0.31556989577448935,0.31556989577448935,0.0,2.0,True,0.04979995930146586,0.0,0.00012827799972434133,0.00012827799972434133,0.0,0.0,True,8.22762260663701e-08,8.0,7.965084322482914,0.0349156775170858,8.0,8.0,True,0.00015238806705964586,7.952026759851463,10.11461202297791,0.48538797702208925,1.1176659433633807,0.03766594336338058,0.9087919374309668,0.1512080625690333
1,soft_block,True,rope;cloth,shifted_contact,pre_intervention,0.0,2,3,False,0.5,0.16666666666666663,1.0,True,0,False,0.4653465346534653,33.154767482517336,0.804520809460551,0.72,0.8516380415993928,0.13163804159939285,0.7,1.0,True,0.07552731363212398,2.0,0.9999999999999999,1.0,0.0,2.0,True,0.5024017253210469,0.0,0.02156583002743194,0.02156583002743194,0.0,0.2,True,0.002325425123860428,8.0,6.639522045464913,1.360477954535087,0.0,8.0,True,0.23136253309699684,10.92820443387669,10.222257632492173,0.3777423675078264,1.1540366454818365,0.07403664548183642,0.9246956471580908,0.13530435284190923
1,soft_block,True,rope;cloth,shifted_contact,online_adaptation,0.2,2,2,True,0.9998707088499411,0.9998707088499411,3.119119925085959e-08,True,2,True,0.921869130928829,2.7354994794111267,0.23801736814843932,0.72,0.8458613546787171,0.12586135467871717,0.7,1.0,True,0.0703868589761358,2.0,1.8453477548777208,0.15465224512227915,0.0,2.0,True,0.011959953694571562,0.0,0.00014405321621372902,0.00014405321621372902,0.0,0.0,True,1.0375664550769199e-07,8.0,7.943858219501993,0.05614178049800689,8.0,8.0,True,0.0003939874396857862,7.684003256309835,10.075958158983203,0.5240418410167962,1.1168245166009292,0.036824516600929114,0.9061571861198383,0.15384281388016174
2,rope,True,cloth;soft_block,matched_contact,pre_intervention,0.0,6,6,True,0.5,0.5,0.5,True,0,True,0.46534653465346537,22.10317832167823,0.8064721393547003,1.0,0.8516380415993928,0.14836195840060717,0.7,1.0,True,0.07665431358792847,0.0,1.0,1.0,0.0,2.0,True,0.5024017253210469,0.0,0.021565830027431926,0.021565830027431926,0.0,0.2,True,0.0023254251238604313,8.0,6.6395220454649095,1.3604779545350905,0.0,8.0,True,0.2313625330969975,7.233994849618757,7.887267750359409,0.6127322496405911,0.6406656592647555,0.020665659264755498,0.7851532309474597,0.13484676905254034
2,rope,True,cloth;soft_block,matched_contact,online_adaptation,0.2,6,6,True,1.0000000000000002,1.0000000000000002,4.930380752350988e-32,True,0,True,0.9998029093996842,1.4443633503946312,0.13392254063582001,1.0,0.9964276288901575,0.0035723711098425426,1.0,1.0,True,8.184720333587105e-05,0.0,0.00019725102506165304,0.00019725102506165304,0.0,0.0,True,3.884473046897991e-08,0.0,0.000414681057874024,0.000414681057874024,0.0,0.0,True,8.598018987975541e-07,8.0,6.704178658853556,1.2958213411464437,0.0,8.0,True,0.20989411852132145,8.261958233298849,8.230664449887088,0.26933555011291155,0.6232305860290687,0.0032305860290686716,0.801741774006625,0.11825822599337499
2,rope,True,cloth;soft_block,shifted_contact,pre_intervention,0.0,5,6,False,0.5,0.5,0.5,True,0,False,0.46534653465346537,22.10317832167823,0.8064721393547003,0.72,0.8516380415993928,0.13163804159939285,0.7,1.0,True,0.07552731363212399,2.0,1.0,1.0,0.0,2.0,True,0.5024017253210469,0.0,0.021565830027431926,0.021565830027431926,0.0,0.2,True,0.0023254251238604313,8.0,6.6395220454649095,1.3604779545350905,0.0,8.0,True,0.2313625330969975,7.233994849618757,7.887267750359409,0.6127322496405911,0.6406656592647555,0.020665659264755498,0.7851532309474597,0.13484676905254034
2,rope,True,cloth;soft_block,shifted_contact,online_adaptation,0.2,5,5,True,0.9997661278356851,0.9997661278356851,1.0939237848258127e-07,True,2,True,0.8683594820532288,5.127583836403055,0.48307298958699774,0.72,0.8485525357666306,0.12855253576663062,0.7,1.0,True,0.0729903181545116,2.0,1.8062665424662532,0.19373345753374682,0.0,2.0,True,0.021184759111846002,0.0,0.01773372256024777,0.01773372256024777,0.0,0.2,True,0.0015724245792192032,8.0,7.323001369375774,0.6769986306242259,0.0,8.0,True,0.057290893233384654,7.223141013532485,7.879338978343963,0.6206610216560371,0.6431383036348224,0.023138303634822388,0.7848716454014824,0.13512835459851769
2,cloth,True,rope;soft_block,matched_contact,pre_intervention,0.0,2,2,True,0.5,0.5,0.33333333333333337,True,0,True,0.4653465346534653,33.154767482517336,0.804520809460551,1.0,0.8516380415993929,0.14836195840060706,0.7,1.0,True,0.07665431358792843,0.0,0.9999999999999999,0.9999999999999999,0.0,2.0,True,0.5024017253210469,0.0,0.021565830027431954,0.021565830027431954,0.0,0.2,True,0.002325425123860428,8.0,6.639522045464913,1.360477954535087,0.0,8.0,True,0.23136253309699684,11.515065968510783,6.011496706860903,0.38850329313909704,0.906849762186167,0.066849762186167,0.6769399901324312,0.1030600098675688
2,cloth,True,rope;soft_block,matched_contact,online_adaptation,0.2,2,2,True,0.9999999999999998,0.9999999999999998,4.930380657631324e-32,True,0,True,0.9999976057839023,1.0095784329793573,0.006794606905378212,1.0,0.9995371475911707,0.0004628524088292618,1.0,1.0,True,1.367500592768737e-06,0.0,2.419543940368806e-06,2.419543940368806e-06,0.0,0.0,True,5.732912222337428e-12,0.0,1.4245745750068534e-06,1.4245745750068534e-06,0.0,0.0,True,1.0147063598901695e-11,8.0,7.986084813077771,0.013915186922228706,8.0,8.0,True,2.4204053385068827e-05,6.482900540611327,6.15271376335315,0.24728623664685045,0.7515285634347504,0.08847143656524958,0.6914433448831458,0.08855665511685418
2,cloth,True,rope;soft_block,shifted_contact,pre_intervention,0.0,1,2,False,0.5,0.16666666666666669,0.9999999999999999,True,0,False,0.4653465346534653,33.154767482517336,0.804520809460551,0.72,0.8516380415993929,0.13163804159939296,0.7,1.0,True,0.07552731363212398,2.0,0.9999999999999999,1.0,0.0,2.0,True,0.5024017253210469,0.0,0.021565830027431954,0.021565830027431954,0.0,0.2,True,0.002325425123860428,8.0,6.639522045464913,1.360477954535087,0.0,8.0,True,0.23136253309699684,11.515065968510783,6.011496706860903,0.38850329313909704,0.906849762186167,0.066849762186167,0.6769399901324312,0.1030600098675688
2,cloth,True,rope;soft_block,shifted_contact,online_adaptation,0.2,1,5,False,0.9945179285599984,0.0027816982217773495,1.9835158599802767,False,2,True,0.8939697219529416,3.339051258872414,0.30475527332664754,0.72,0.8281218372329492,0.10812183723294921,0.7,1.0,True,0.056566241519830265,2.0,1.7896795233024387,0.21032047669756126,0.0,2.0,True,0.022118865397297877,0.0,0.0005292800358497101,0.0005292800358497101,0.0,0.0,True,1.4006867817453316e-06,8.0,7.316626526700726,0.683373473299274,0.0,8.0,True,0.058374913001139284,9.36480255887173,5.90964813810096,0.49035186189904056,0.9167135643782831,0.07671356437828314,0.6685295150974042,0.11147048490259581
2,soft_block,True,rope;cloth,matched_contact,pre_intervention,0.0,3,3,True,0.5000000000000001,0.5000000000000001,0.33333333333333326,True,0,True,0.46534653465346554,33.15476748251733,0.8045208094605513,1.0,0.8516380415993929,0.14836195840060706,0.7,1.0,True,0.07665431358792843,0.0,1.0000000000000004,1.0000000000000004,0.0,2.0,True,0.5024017253210471,0.0,0.021565830027431957,0.021565830027431957,0.0,0.2,True,0.0023254251238604244,8.0,6.639522045464913,1.360477954535087,0.0,8.0,True,0.23136253309699684,10.99887306219901,10.018371091416611,0.5816289085833883,1.154067597689705,0.07406759768970494,0.9231804825213409,0.13681951747865917
2,soft_block,True,rope;cloth,matched_contact,online_adaptation,0.2,3,3,True,1.0,1.0,2.1607508255082376e-38,True,0,True,0.9999982598951438,1.039465291982927,0.02275222234137002,1.0,0.9974503834581164,0.0025496165418835703,1.0,1.0,True,3.5736317471558345e-05,0.0,1.7700001152203384e-06,1.7700001152203384e-06,0.0,0.0,True,3.028858637059496e-12,0.0,0.00026820693280724697,0.00026820693280724697,0.0,0.0,True,3.5967479402937083e-07,8.0,7.978921166476991,0.02107883352300899,8.0,8.0,True,5.5539652836340825e-05,8.647184820938678,9.917216410007393,0.6827835899926065,1.3172219765654032,0.23722197656540311,0.9258870925011434,0.13411290749885663
2,soft_block,True,rope;cloth,shifted_contact,pre_intervention,0.0,2,3,False,0.5000000000000001,0.16666666666666669,1.0,True,0,False,0.46534653465346554,33.15476748251733,0.8045208094605513,0.72,0.8516380415993929,0.13163804159939296,0.7,1.0,True,0.07552731363212398,2.0,1.0000000000000004,0.9999999999999996,0.0,2.0,True,0.5024017253210471,0.0,0.021565830027431957,0.021565830027431957,0.0,0.2,True,0.0023254251238604244,8.0,6.639522045464913,1.360477954535087,0.0,8.0,True,0.23136253309699684,10.99887306219901,10.018371091416611,0.5816289085833883,1.154067597689705,0.07406759768970494,0.9231804825213409,0.13681951747865917
2,soft_block,True,rope;cloth,shifted_contact,online_adaptation,0.2,2,2,True,0.6972289660943509,0.6972289660943509,0.1812516461464087,True,2,True,0.9810182516277858,2.535412809719981,0.2510870680155801,0.72,0.7321835023122456,0.012183502312245631,0.7,1.0,True,0.018419150477486435,2.0,1.96280073602458,0.03719926397541995,2.0,2.0,True,0.0006921846460191117,0.0,0.0010216137382577566,0.0010216137382577566,0.0,0.0,True,5.218473150984514e-06,8.0,7.930318002767905,0.06968199723209523,8.0,8.0,True,0.0006069475922817341,7.518873405524324,9.670967976718169,0.929032023281831,1.2538051652401345,0.17380516524013445,0.9035568367680104,0.1564431632319897
3,rope,True,cloth;soft_block,matched_contact,pre_intervention,0.0,6,6,True,0.5,0.5,0.5,True,0,True,0.4653465346534654,22.10317832167822,0.8064721393547003,1.0,0.8516380415993928,0.14836195840060717,0.7,1.0,True,0.07665431358792847,0.0,1.0000000000000002,1.0000000000000002,0.0,2.0,True,0.5024017253210471,0.0,0.021565830027431933,0.021565830027431933,0.0,0.2,True,0.0023254251238604244,8.0,6.639522045464912,1.3604779545350878,0.0,8.0,True,0.23136253309699706,7.323789814595496,7.950292174204213,0.549707825795787,0.6365372469812365,0.016537246981236486,0.786238845569242,0.1337611544307581
3,rope,True,cloth;soft_block,matched_contact,online_adaptation,0.2,6,6,True,1.0,1.0,4.1978121388406584e-147,True,0,True,0.9999999999958065,1.0000063989443937,1.0492090043862725e-05,1.0,0.9999995789012611,4.210987388786336e-07,1.0,1.0,True,1.1821565252296197e-12,0.0,4.1935936153364275e-12,4.1935936153364275e-12,0.0,0.0,True,1.75856659524213e-23,0.0,7.395198225198051e-13,7.395198225198051e-13,0.0,0.0,True,2.73438122411328e-24,8.0,7.999996862903124,3.137096875605039e-06,8.0,8.0,True,1.2301721010161504e-12,2.1101781907069377,8.430882734115018,0.0691172658849819,0.3797691037204263,0.24023089627957367,0.7847813924785144,0.13521860752148562
3,rope,True,cloth;soft_block,shifted_contact,pre_intervention,0.0,5,6,False,0.5,0.5,0.5,True,0,False,0.4653465346534654,22.10317832167822,0.8064721393547003,0.72,0.8516380415993928,0.13163804159939285,0.7,1.0,True,0.07552731363212396,2.0,1.0000000000000002,0.9999999999999998,0.0,2.0,True,0.5024017253210471,0.0,0.021565830027431933,0.021565830027431933,0.0,0.2,True,0.0023254251238604244,8.0,6.639522045464912,1.3604779545350878,0.0,8.0,True,0.23136253309699706,7.323789814595496,7.950292174204213,0.549707825795787,0.6365372469812365,0.016537246981236486,0.786238845569242,0.1337611544307581
3,rope,True,cloth;soft_block,shifted_contact,online_adaptation,0.2,5,5,True,0.9992408875828122,0.9992408875828122,1.15250332385742e-06,True,2,True,0.9999923996500332,1.344313119304902,0.11480624345686528,0.72,0.7011068679590787,0.018893132040921246,0.7,0.7,False,0.01973742922917612,2.0,1.9999923778014324,7.6221985676472315e-06,2.0,2.0,True,5.776579697860143e-11,0.0,0.0017001942594791182,0.0017001942594791182,0.0,0.0,True,1.445330259982865e-05,8.0,6.926205885069977,1.0737941149300232,0.0,8.0,True,0.14412922515729376,4.405813653163056,7.758832865016279,0.741167134983721,0.6617403285557459,0.04174032855574594,0.7820047592711584,0.13799524072884162
3,cloth,True,rope;soft_block,matched_contact,pre_intervention,0.0,2,2,True,0.5,0.5,0.33333333333333337,True,0,True,0.4653465346534653,33.15476748251733,0.804520809460551,1.0,0.8516380415993929,0.14836195840060706,0.7,1.0,True,0.07665431358792843,0.0,0.9999999999999999,0.9999999999999999,0.0,2.0,True,0.5024017253210469,0.0,0.02156583002743195,0.02156583002743195,0.0,0.2,True,0.002325425123860428,8.0,6.639522045464913,1.360477954535087,0.0,8.0,True,0.23136253309699684,11.46040855557539,6.172337893512081,0.2276621064879194,0.8480079553235337,0.008007955323533711,0.6629999999999999,0.1170000000000001
3,cloth,True,rope;soft_block,matched_contact,online_adaptation,0.2,2,2,True,0.9999999999999998,0.9999999999999998,4.966528201543638e-32,True,0,True,0.9999697822907841,1.0442202693859957,0.02331042784009873,1.0,0.9963279772873903,0.0036720227126096905,1.0,1.0,True,6.869766932313982e-05,0.0,3.501182714303079e-05,3.501182714303079e-05,0.0,0.0,True,9.360935169440182e-10,0.0,1.306937030047612e-05,1.306937030047612e-05,0.0,0.0,True,8.540422002565972e-10,8.0,7.997200056722781,0.002799943277219441,8.0,8.0,True,9.7996029445541e-07,8.41290356539976,6.104057121641233,0.2959428783587672,0.7690399576184412,0.07096004238155873,0.6630000000000001,0.11699999999999988
3,cloth,True,rope;soft_block,shifted_contact,pre_intervention,0.0,1,2,False,0.5,0.16666666666666669,0.9999999999999999,True,0,False,0.4653465346534653,33.15476748251733,0.804520809460551,0.72,0.8516380415993929,0.13163804159939296,0.7,1.0,True,0.07552731363212398,2.0,0.9999999999999999,1.0,0.0,2.0,True,0.5024017253210469,0.0,0.02156583002743195,0.02156583002743195,0.0,0.2,True,0.002325425123860428,8.0,6.639522045464913,1.360477954535087,0.0,8.0,True,0.23136253309699684,11.46040855557539,6.172337893512081,0.2276621064879194,0.8480079553235337,0.008007955323533711,0.6629999999999999,0.1170000000000001
3,cloth,True,rope;soft_block,shifted_contact,online_adaptation,0.2,1,4,False,0.8843676990683303,0.11039066840918049,1.5735381162125301,True,2,True,0.7098239869175801,3.8910277877029995,0.3526378158255249,0.72,0.8622273564408709,0.14222735644087092,0.7,1.0,True,0.08509996611469355,2.0,1.4220422070835483,0.5779577929164517,0.0,2.0,True,0.16702047137285175,0.0,0.0007096986381431825,0.0007096986381431825,0.0,0.0,True,2.5183607849116763e-06,8.0,7.964762241749187,0.03523775825081277,8.0,8.0,True,0.00015521245081783624,8.700507896735527,5.979526055169015,0.4204739448309853,0.9567199511502295,0.11671995115022948,0.663,0.11699999999999999
3,soft_block,True,rope;cloth,matched_contact,pre_intervention,0.0,3,3,True,0.5,0.5,0.33333333333333337,True,0,True,0.4653465346534653,33.154767482517336,0.8045208094605513,1.0,0.8516380415993929,0.14836195840060706,0.7,1.0,True,0.07665431358792843,0.0,0.9999999999999999,0.9999999999999999,0.0,2.0,True,0.5024017253210469,0.0,0.021565830027431954,0.021565830027431954,0.0,0.2,True,0.002325425123860428,8.0,6.639522045464914,1.360477954535086,0.0,8.0,True,0.23136253309699684,10.816901042103153,10.187095782419478,0.41290421758052176,1.155131426155436,0.07513142615543589,0.9230254849734646,0.13697451502653546
3,soft_block,True,rope;cloth,matched_contact,online_adaptation,0.2,3,3,True,1.0000000000000002,1.0000000000000002,4.960810861632184e-32,True,0,True,0.9997254875012055,1.1976803406065644,0.07936195202012565,1.0,0.9853375323272522,0.014662467672747814,0.85,1.0,True,0.0008857201225492793,0.0,0.00038951177881950036,0.00038951177881950036,0.0,0.0,True,8.858194640065827e-08,0.0,0.00010316175386971604,0.00010316175386971604,0.0,0.0,True,5.321173730738263e-08,8.0,7.875699740378188,0.1243002596218119,8.0,8.0,True,0.0019313193177562388,7.754796365702218,9.995451259483325,0.604548740516675,1.1699772239752448,0.08997722397524477,0.9055260787934493,0.1544739212065508
3,soft_block,True,rope;cloth,shifted_contact,pre_intervention,0.0,2,3,False,0.5,0.16666666666666669,0.9999999999999999,True,0,False,0.4653465346534653,33.154767482517336,0.8045208094605513,0.72,0.8516380415993929,0.13163804159939296,0.7,1.0,True,0.075527313632124,2.0,0.9999999999999999,1.0,0.0,2.0,True,0.5024017253210469,0.0,0.021565830027431954,0.021565830027431954,0.0,0.2,True,0.002325425123860428,8.0,6.639522045464914,1.360477954535086,0.0,8.0,True,0.23136253309699684,10.816901042103153,10.187095782419478,0.41290421758052176,1.155131426155436,0.07513142615543589,0.9230254849734646,0.13697451502653546
3,soft_block,True,rope;cloth,shifted_contact,online_adaptation,0.2,2,2,True,0.8658730913100807,0.8658730913100807,0.03566996727499438,True,2,True,0.7954720445338658,4.666960428639926,0.3640699131410691,0.72,0.8053490290603614,0.08534902906036146,0.7,1.0,True,0.041981707496292875,2.0,1.5929093220038342,0.40709067799616583,0.0,2.0,True,0.08286334112593552,0.0,0.0005576664592577509,0.0005576664592577509,0.0,0.0,True,1.5549593989053374e-06,8.0,7.552903738305263,0.44709626169473715,0.0,8.0,True,0.02498688340267613,7.580335427789254,9.94860572947411,0.6513942705258895,1.2358323348081641,0.15583233480816405,0.9045654300884318,0.15543456991156823
4,rope,True,cloth;soft_block,matched_contact,pre_intervention,0.0,6,6,True,0.5,0.5,0.5,True,0,True,0.46534653465346537,22.10317832167822,0.8064721393547003,1.0,0.8516380415993929,0.14836195840060706,0.7,1.0,True,0.07665431358792844,0.0,1.0,1.0,0.0,2.0,True,0.5024017253210469,0.0,0.02156583002743193,0.02156583002743193,0.0,0.2,True,0.002325425123860428,8.0,6.639522045464912,1.3604779545350878,0.0,8.0,True,0.23136253309699706,7.333591974089356,7.912922565581354,0.5870774344186458,0.63797356892061,0.017973568920609972,0.786313496758944,0.13368650324105602
4,rope,True,cloth;soft_block,matched_contact,online_adaptation,0.2,6,6,True,1.0000000000000002,1.0000000000000002,4.936292827746193e-32,True,0,True,0.996366319547306,1.5278693912445018,0.17369121951809524,1.0,0.9785811876247755,0.021418812375224472,0.85,1.0,True,0.002578993419708523,0.0,0.0036634997351581594,0.0036634997351581594,0.0,0.0,True,1.3204522821897487e-05,0.0,0.0007628454439898773,0.0007628454439898773,0.0,0.0,True,2.9096658570805685e-06,8.0,7.401423476786266,0.5985765232137341,0.0,8.0,True,0.04478673176783021,7.207958200181997,7.963073721468537,0.536926278531463,0.6178310819671917,0.0021689180328082758,0.7871382213830326,0.13286177861696746
4,rope,True,cloth;soft_block,shifted_contact,pre_intervention,0.0,5,6,False,0.5,0.5,0.5,True,0,False,0.46534653465346537,22.10317832167822,0.8064721393547003,0.72,0.8516380415993929,0.13163804159939296,0.7,1.0,True,0.07552731363212399,2.0,1.0,1.0,0.0,2.0,True,0.5024017253210469,0.0,0.02156583002743193,0.02156583002743193,0.0,0.2,True,0.002325425123860428,8.0,6.639522045464912,1.3604779545350878,0.0,8.0,True,0.23136253309699706,7.333591974089356,7.912922565581354,0.5870774344186458,0.63797356892061,0.017973568920609972,0.786313496758944,0.13368650324105602
4,rope,True,cloth;soft_block,shifted_contact,online_adaptation,0.2,5,5,True,0.9928067122612003,0.9928067122612003,0.00010348677698632968,True,2,True,0.9777752470300545,3.0933834194711936,0.3981215726866297,0.72,0.749766024327431,0.02976602432743103,0.7,1.0,True,0.02033514332738802,2.0,1.9749775191647747,0.02502248083522529,2.0,2.0,True,0.0005017669257832667,0.0,0.02836050944310228,0.02836050944310228,0.0,0.2,True,0.004021592479361472,8.0,6.74886855084555,1.2511314491544496,0.0,8.0,True,0.19566623788291415,7.182554332109336,7.8541639009250535,0.6458360990749465,0.6491462691017053,0.029146269101705258,0.7841292635080067,0.13587073649199333
4,cloth,True,rope;soft_block,matched_contact,pre_intervention,0.0,2,2,True,0.5,0.5,0.3333333333333333,True,0,True,0.4653465346534653,33.154767482517336,0.804520809460551,1.0,0.8516380415993926,0.1483619584006074,0.7,1.0,True,0.07665431358792849,0.0,0.9999999999999999,0.9999999999999999,0.0,2.0,True,0.5024017253210469,0.0,0.021565830027431943,0.021565830027431943,0.0,0.2,True,0.002325425123860428,8.0,6.639522045464913,1.360477954535087,0.0,8.0,True,0.23136253309699684,11.542722999796034,6.300137710516755,0.09986228948324527,0.8850716687769384,0.04507166877693847,0.6699279354376599,0.11007206456234009
4,cloth,True,rope;soft_block,matched_contact,online_adaptation,0.2,2,2,True,1.0,1.0,2.0435551986910626e-44,True,0,True,0.9999906897685257,1.025328938066805,0.015606245905658832,1.0,0.9987839359074892,0.001216064092510849,1.0,1.0,True,8.837217488178763e-06,0.0,9.693066073446382e-06,9.693066073446382e-06,0.0,0.0,True,8.682697243582785e-11,0.0,5.941839492878743e-06,5.941839492878743e-06,0.0,0.0,True,1.76527282795178e-10,8.0,7.961558109055293,0.03844189094470707,8.0,8.0,True,0.00018472237242559558,7.603567928233827,6.316885467461482,0.0831145325385183,0.7548455470512456,0.08515445294875434,0.6723044352505294,0.10769556474947062
4,cloth,True,rope;soft_block,shifted_contact,pre_intervention,0.0,1,2,False,0.5,0.16666666666666663,1.0,True,0,False,0.4653465346534653,33.154767482517336,0.804520809460551,0.72,0.8516380415993926,0.13163804159939263,0.7,1.0,True,0.07552731363212395,2.0,0.9999999999999999,1.0,0.0,2.0,True,0.5024017253210469,0.0,0.021565830027431943,0.021565830027431943,0.0,0.2,True,0.002325425123860428,8.0,6.639522045464913,1.360477954535087,0.0,8.0,True,0.23136253309699684,11.542722999796034,6.300137710516755,0.09986228948324527,0.8850716687769384,0.04507166877693847,0.6699279354376599,0.11007206456234009
4,cloth,True,rope;soft_block,shifted_contact,online_adaptation,0.2,1,1,True,0.9989069731432186,0.9989069731432186,2.3819727083112566e-06,True,2,True,0.7042441437661052,3.2146503129293436,0.2934655997577055,0.72,0.857011210741674,0.137011210741674,0.7,1.0,True,0.08031344122032519,2.0,1.4108358265911158,0.5891641734088842,0.0,2.0,True,0.17355996708410354,0.0,0.00021649198237812096,0.00021649198237812096,0.0,0.0,True,2.3434389217002831e-07,8.0,7.571400577505547,0.42859942249445293,0.0,8.0,True,0.022962183120322277,9.136175077236212,6.188870412132625,0.2111295878673758,0.8527086566767609,0.01270865667676091,0.6653443459112005,0.11465565408879952
4,soft_block,True,rope;cloth,matched_contact,pre_intervention,0.0,3,3,True,0.5,0.5,0.33333333333333337,True,0,True,0.4653465346534653,33.154767482517336,0.804520809460551,1.0,0.8516380415993927,0.14836195840060729,0.7,1.0,True,0.07665431358792846,0.0,0.9999999999999999,0.9999999999999999,0.0,2.0,True,0.5024017253210469,0.0,0.02156583002743195,0.02156583002743195,0.0,0.2,True,0.0023254251238604313,8.0,6.639522045464913,1.360477954535087,0.0,8.0,True,0.23136253309699684,10.678838855357151,10.189140315976108,0.41085968402389206,1.1104493877708397,0.03044938777083961,0.9010000000000002,0.1589999999999998
4,soft_block,True,rope;cloth,matched_contact,online_adaptation,0.2,3,3,True,1.0000000000000002,1.0000000000000002,4.950324890498668e-32,True,0,True,0.9999971069077231,1.0264629310547673,0.016432179334155333,1.0,0.9987044308669139,0.0012955691330861496,1.0,1.0,True,9.857114158559176e-06,0.0,2.9841861454356945e-06,2.9841861454356945e-06,0.0,0.0,True,8.378281015148427e-12,0.0,7.227000740769688e-05,7.227000740769688e-05,0.0,0.0,True,2.611476985353578e-08,8.0,7.963154429626155,0.036845570373844616,8.0,8.0,True,0.00016969950702174635,7.530752207653007,10.060480394668785,0.5395196053312148,1.1700093988518976,0.09000939885189752,0.9010000000000001,0.15899999999999992
4,soft_block,True,rope;cloth,shifted_contact,pre_intervention,0.0,2,3,False,0.5,0.16666666666666669,0.9999999999999999,True,0,False,0.4653465346534653,33.154767482517336,0.804520809460551,0.72,0.8516380415993927,0.13163804159939274,0.7,1.0,True,0.07552731363212398,2.0,0.9999999999999999,1.0,0.0,2.0,True,0.5024017253210469,0.0,0.02156583002743195,0.02156583002743195,0.0,0.2,True,0.0023254251238604313,8.0,6.639522045464913,1.360477954535087,0.0,8.0,True,0.23136253309699684,10.678838855357151,10.189140315976108,0.41085968402389206,1.1104493877708397,0.03044938777083961,0.9010000000000002,0.1589999999999998
4,soft_block,True,rope;cloth,shifted_contact,online_adaptation,0.2,2,2,True,0.8940705788643423,0.8940705788643423,0.020233926102950474,True,2,True,0.5457410210945925,3.703222202279066,0.33707980419460604,0.72,0.7896960925832174,0.0696960925832174,0.7,1.0,True,0.0339957327564961,2.0,1.093696606060013,0.9063033939399869,0.0,2.0,True,0.4106953730801383,0.0,0.0005873459825736411,0.0005873459825736411,0.0,0.0,True,1.7248765162272608e-06,8.0,7.911923714184052,0.08807628581594784,8.0,8.0,True,0.0009696790153915502,7.289285741646493,9.999856437162313,0.6001435628376868,1.256942050802771,0.17694205080277103,0.9010000000000001,0.15899999999999992
