seed,object,held_out_topology,source_objects,action,world_condition,setting,method,observation_fraction,forecast_start_frame,selected_likelihood_scale_m,trajectory_rmse_m,relative_intervention_rmse,ade_m,fde_m,early_rmse_m,middle_rmse_m,late_rmse_m,direction_error_deg,gross_failure,coverage,coverage_error,mean_interval_width_m,nees,gaussian_nll
0,rope,True,cloth;soft_block,diagonal_hook,matched_contact,pre_intervention,nominal_physics,0.0,0,0.0015,0.0035235665224100663,0.1877922145631621,0.002920892115541309,0.0064347742831703525,0.0008046279960276738,0.0035804692962237037,0.004940718755903677,7.999999999999981,False,0.8520408163265306,0.04795918367346941,0.007227446865976768,2.093691783738147,-4.163584324098649
0,rope,True,cloth;soft_block,diagonal_hook,matched_contact,pre_intervention,latent_contact,0.0,0,0.0015,0.006838598777795616,0.36447037421412853,0.005091829205243036,0.0093787948822214,0.002755030072443631,0.008067419076346342,0.008293655131181585,1.3486770567784414,False,0.75,0.15000000000000002,0.007335562185962773,4.071045435164448,-3.450790173546988
0,rope,True,cloth;soft_block,diagonal_hook,matched_contact,pre_intervention,oracle_contact,0.0,0,0.0015,0.002550768367653607,0.13594590525048306,0.002164106547484854,0.00474852499057017,0.0005927547130509671,0.002588302511193995,0.003577683810923529,0.0,False,0.8303571428571429,0.06964285714285712,0.007230492608257868,1.0127350401336543,-4.703386686378691
0,rope,True,cloth;soft_block,diagonal_hook,matched_contact,pre_intervention,oracle_contact_theta,0.0,0,0.0015,0.00010808926104884784,0.005760731796536404,8.22494989444908e-05,0.0001917012491559394,1.7881856321199204e-06,0.00010502681855742354,0.00015716611409764751,0.0,False,1.0,0.09999999999999998,0.006579414507805881,0.002920822088521493,-5.294209154173258
0,rope,True,cloth;soft_block,diagonal_hook,matched_contact,online_adaptation,nominal_physics,0.2,12,0.0015,0.003954869114289507,0.20942280294751564,0.0036983042536304664,0.00643288245572267,0.002211434139001715,0.004205875179407006,0.004996471202277768,8.000000000000117,False,0.8116883116883117,0.08831168831168834,0.007373788252467762,2.6655533492606858,-3.8580132342358646
0,rope,True,cloth;soft_block,diagonal_hook,matched_contact,online_adaptation,latent_contact,0.2,12,0.0015,0.0030209240994264414,0.15996746645994644,0.0029023499086222354,0.005032409441427617,0.0016965238005464817,0.003205543044281815,0.0038194776944660996,0.09785689022835146,False,0.6136363636363636,0.2863636363636364,0.004413873731967289,4.993817436898245,-3.3772525238253532
0,rope,True,cloth;soft_block,diagonal_hook,matched_contact,online_adaptation,oracle_contact,0.2,12,0.0015,0.002803061114553454,0.14843093373734334,0.002692443049518641,0.0046687781376071125,0.0015705738494805447,0.0029732288709840684,0.0035467569581809784,0.0,False,0.797077922077922,0.10292207792207797,0.00746461090771262,1.1971922886799888,-4.580764823877931
0,rope,True,cloth;soft_block,diagonal_hook,matched_contact,online_adaptation,oracle_contact_theta,0.2,12,0.0015,0.00012194113202118946,0.006457167841585656,0.00010468009578721518,0.0001917012491559394,3.255222503934126e-05,0.0001387649097723198,0.0001580085740828695,0.0,False,1.0,0.09999999999999998,0.006579414507805883,0.0037174099196522893,-5.293810860257693
0,rope,True,cloth;soft_block,diagonal_hook,shifted_contact,pre_intervention,nominal_physics,0.0,0,0.0015,0.00735679440545757,0.6386315160033877,0.005747520543966859,0.008272039632052672,0.0035226786752462626,0.009636368823425638,0.0075672805400812315,8.018997441131912,False,0.7168367346938775,0.18316326530612248,0.007227446865976768,9.522209166379987,-0.4493256327777289
0,rope,True,cloth;soft_block,diagonal_hook,shifted_contact,pre_intervention,latent_contact,0.0,0,0.0015,0.002685608346452186,0.23313335063621857,0.002130607234641469,0.002517865125915455,0.0012945078696433806,0.0037665917073589953,0.0023863413662633627,1.3676744979100863,False,0.9553571428571429,0.05535714285714288,0.007335562185962773,0.5962261287614873,-5.188199826748467
0,rope,True,cloth;soft_block,diagonal_hook,shifted_contact,pre_intervention,oracle_contact,0.0,0,0.0015,0.0015947785869850357,0.1384401698028216,0.0014367626161836157,0.003334806172627771,0.00026117426487697325,0.0014717730683296046,0.002356711671655873,0.0,False,0.9553571428571429,0.05535714285714288,0.006800872394595047,0.5355970402916084,-4.995811973179826
0,rope,True,cloth;soft_block,diagonal_hook,shifted_contact,pre_intervention,oracle_contact_theta,0.0,0,0.0015,1.2595614725325365e-05,0.0010934051006049315,9.975511533319916e-06,2.0148467697195484e-05,2.4556125574954817e-07,1.4611550599820002e-05,1.6375415284517845e-05,0.0,False,1.0,0.09999999999999998,0.006579414507805881,3.96623775772083e-05,-5.29564973402873
0,rope,True,cloth;soft_block,diagonal_hook,shifted_contact,online_adaptation,nominal_physics,0.2,12,0.0015,0.007549978921579003,0.6164654847814492,0.007238297398940349,0.008492960260590758,0.007582995627713,0.008263856547351003,0.006661181682168395,8.080796131833699,False,0.547077922077922,0.35292207792207797,0.007245618330672024,10.428826066861864,0.008359328421445109
0,rope,True,cloth;soft_block,diagonal_hook,shifted_contact,online_adaptation,latent_contact,0.2,12,0.0015,0.0004148384892195074,0.033872095938146475,0.0004401034148792913,0.0008856126088685111,0.00016101324016892432,0.0004321734801965728,0.000559433071871166,1.4347952171383407,False,1.0,0.09999999999999998,0.00270021257401193,0.26572566566166533,-6.313564620557887
0,rope,True,cloth;soft_block,diagonal_hook,shifted_contact,online_adaptation,oracle_contact,0.2,12,0.0015,0.0017940676244723034,0.1464879278920843,0.0018241533184277824,0.003336240682160406,0.0008011843269841041,0.0018406632954504646,0.0024079154413332213,0.0,False,0.948051948051948,0.04805194805194801,0.006859853777845913,0.6775512620468265,-4.916302218928027
0,rope,True,cloth;soft_block,diagonal_hook,shifted_contact,online_adaptation,oracle_contact_theta,0.2,12,0.0015,1.4209769822926077e-05,0.001160245973334572,1.2696037142475366e-05,2.0148467697195484e-05,5.813805530906285e-06,1.674906041430032e-05,1.7257301100460985e-05,0.0,False,1.0,0.09999999999999998,0.006579414507805882,5.047938960513515e-05,-5.2956443255227175
0,cloth,True,rope;soft_block,diagonal_hook,matched_contact,pre_intervention,nominal_physics,0.0,0,0.0015,0.0013340151888817683,0.17695830804063808,0.0013831383768001463,0.0031793631899726515,0.00035432199256835823,0.0012504240614308905,0.001937415540879292,8.000000000000071,False,0.9930555555555556,0.09305555555555556,0.0072214066113190055,0.3332293415919815,-5.041778938963246
0,cloth,True,rope;soft_block,diagonal_hook,matched_contact,pre_intervention,latent_contact,0.0,0,0.0015,0.002602594091556365,0.3452364341851536,0.002431560505048347,0.0051183473366143185,0.0012626973176442827,0.0028844020182073253,0.0032570126517746547,1.3497866689287783,False,0.8869047619047619,0.01309523809523816,0.006513133551945016,1.933458056996079,-4.596288850202697
0,cloth,True,rope;soft_block,diagonal_hook,matched_contact,pre_intervention,oracle_contact,0.0,0,0.0015,0.0008961308395618599,0.11887255742929755,0.0009080511266242126,0.0020841379820188462,0.00024381579271454706,0.0008581471712260751,0.0012877507417851752,0.0,False,1.0,0.09999999999999998,0.007224014984332922,0.13956226766113894,-5.1379998192854055
0,cloth,True,rope;soft_block,diagonal_hook,matched_contact,pre_intervention,oracle_contact_theta,0.0,0,0.0015,6.5169894963250765e-06,0.0008644844859337694,4.43892060391095e-06,3.125220799715538e-06,2.592277292830875e-07,9.56389444013605e-06,5.959186538705699e-06,0.0,False,1.0,0.09999999999999998,0.006579414507805887,1.0617788023802848e-05,-5.295664256323507
0,cloth,True,rope;soft_block,diagonal_hook,matched_contact,online_adaptation,nominal_physics,0.2,12,0.0015,0.001644695191757905,0.21122943342811765,0.0019412880796653709,0.003519997188766618,0.0009322687982497686,0.0015468213181423687,0.002237572991787606,8.000000000000071,False,0.9343434343434344,0.03434343434343434,0.006867593151984969,0.6146734246335389,-4.947805333066025
0,cloth,True,rope;soft_block,diagonal_hook,matched_contact,online_adaptation,latent_contact,0.2,12,0.0015,0.0016981325007646936,0.2180924269858253,0.0020204242324488465,0.0036622613971082647,0.0009418511069343004,0.0015951792323544867,0.002320799911394795,0.06379244097048205,False,1.0,0.09999999999999998,0.008451429560243697,0.6182041847699896,-4.970453628451383
0,cloth,True,rope;soft_block,diagonal_hook,matched_contact,online_adaptation,oracle_contact,0.2,12,0.0015,0.0012250105946119767,0.15732902676438174,0.0014485044990937453,0.002626601246110039,0.0006894347367760691,0.0011470137251984158,0.001672556447330689,0.0,False,1.0,0.09999999999999998,0.006869032402997468,0.3339990015430581,-5.08785218608251
0,cloth,True,rope;soft_block,diagonal_hook,matched_contact,online_adaptation,oracle_contact_theta,0.2,12,0.0015,7.3521556164542905e-06,0.0009442428439759125,5.6493283479995386e-06,3.125220799715538e-06,3.756906004502512e-06,1.1258515999095199e-05,4.35362393175757e-06,0.0,False,1.0,0.09999999999999998,0.0065794145078058855,1.3513548052140089e-05,-5.295662808443492
0,cloth,True,rope;soft_block,diagonal_hook,shifted_contact,pre_intervention,nominal_physics,0.0,0,0.0015,0.002729782973888941,0.5535507487039434,0.002527258893508401,0.004028434750385071,0.001700383291933095,0.00350630279670825,0.002674698887951938,8.016814058983565,False,0.8849206349206349,0.015079365079365137,0.0072214066113190055,1.2287229752300182,-4.594032122144226
0,cloth,True,rope;soft_block,diagonal_hook,shifted_contact,pre_intervention,latent_contact,0.0,0,0.0015,0.0011825618538929947,0.2398022135359039,0.0010203774984758893,0.000775251642945368,0.0008206825879158981,0.001755975045721684,0.0006205259860720457,1.3666007279118593,False,1.0,0.09999999999999998,0.006513133551945016,0.3535773347506452,-5.386229211325415
0,cloth,True,rope;soft_block,diagonal_hook,shifted_contact,pre_intervention,oracle_contact,0.0,0,0.0015,0.0005748329756200217,0.11656575891850528,0.0006006140315383343,0.0014524983453357851,0.00010722947459239763,0.00049311887917987,0.0008713215313181514,0.0,False,1.0,0.09999999999999998,0.006811750566163508,0.07172027231434222,-5.2257848050785976
0,cloth,True,rope;soft_block,diagonal_hook,shifted_contact,pre_intervention,oracle_contact_theta,0.0,0,0.0015,6.005950810701208e-07,0.00012178984922037135,3.940760729297027e-07,1.8150881330997393e-07,2.8604265273671843e-08,9.690627477110058e-07,3.6070100205071554e-07,0.0,False,1.0,0.09999999999999998,0.0065794145078058855,9.017861285140624e-08,-5.295669520128214
0,cloth,True,rope;soft_block,diagonal_hook,shifted_contact,online_adaptation,nominal_physics,0.2,12,0.0015,0.002170305193173806,0.41048088047044273,0.002023842077030776,0.001917275672735991,0.0028945989268970296,0.0020072482668485507,0.0012286361632011,8.070574138557191,False,0.9154040404040404,0.01540404040404042,0.006708176861368644,1.0587567968383007,-4.7478834111018475
0,cloth,True,rope;soft_block,diagonal_hook,shifted_contact,online_adaptation,latent_contact,0.2,12,0.0015,0.0007477667012538294,0.14142892662403964,0.0008803460024523412,0.0016639870320175013,0.00038908154858908204,0.0006887093421765713,0.0010425671131658973,0.06742595212165481,False,1.0,0.09999999999999998,0.0023317950231201753,1.6778525972902487,-5.7347586071831245
0,cloth,True,rope;soft_block,diagonal_hook,shifted_contact,online_adaptation,oracle_contact,0.2,12,0.0015,0.0007864854143288025,0.14875199412794926,0.0009395103644204949,0.001790095204919145,0.0003419898632812109,0.0007271644609734349,0.0011190152305722524,0.0,False,1.0,0.09999999999999998,0.006672988435326206,0.14818300293966866,-5.207604052703207
0,cloth,True,rope;soft_block,diagonal_hook,shifted_contact,online_adaptation,oracle_contact_theta,0.2,12,0.0015,6.775626291972336e-07,0.00012815087273510253,5.015411107869314e-07,1.8150881330997393e-07,4.982338276013323e-07,1.0047924114645692e-06,3.0849149893120665e-07,0.0,False,1.0,0.09999999999999998,0.0065794145078058855,1.1477277912116699e-07,-5.295669507831129
0,soft_block,True,rope;cloth,diagonal_hook,matched_contact,pre_intervention,nominal_physics,0.0,0,0.0015,0.0016574980066397806,0.1806305536667201,0.001748966616041291,0.003970656280437498,0.00039931447428679935,0.0015229223117347488,0.0024353032668859493,7.999999999999935,False,0.9575892857142857,0.057589285714285676,0.0072511452800303276,0.5148927916843761,-4.946687051028517
0,soft_block,True,rope;cloth,diagonal_hook,matched_contact,pre_intervention,latent_contact,0.0,0,0.0015,0.002992195904798048,0.3260830485453642,0.0029731391987862445,0.006248498941338004,0.0013620991632501474,0.0031138706247220704,0.003957430781791039,1.3492050966053242,False,0.7455357142857143,0.15446428571428572,0.006525961279701138,2.74875228256414,-4.196919495045814
0,soft_block,True,rope;cloth,diagonal_hook,matched_contact,pre_intervention,oracle_contact,0.0,0,0.0015,0.001146124094229725,0.12490212892091608,0.0012046791763599583,0.002733582121927193,0.0002772964821041,0.0010512040195762235,0.0016849840625604506,0.0,False,1.0,0.09999999999999998,0.0072538064107012705,0.22861627909851592,-5.089192722123952
0,soft_block,True,rope;cloth,diagonal_hook,matched_contact,pre_intervention,oracle_contact_theta,0.0,0,0.0015,4.289731307411937e-06,0.0004674856549059359,3.4291433187261026e-06,1.897049682759345e-06,3.2079805099070025e-07,6.325398795592487e-06,3.861076833712777e-06,0.0,False,1.0,0.09999999999999998,0.006579414507805887,4.600448672447531e-06,-5.295667264993184
0,soft_block,True,rope;cloth,diagonal_hook,matched_contact,online_adaptation,nominal_physics,0.2,12,0.0015,0.002001529106962861,0.21136717980569855,0.0024086352537953178,0.004306232518489477,0.0010157488404366408,0.0019187523474650536,0.0027460215577474805,7.999999999999981,False,0.8380681818181818,0.061931818181818254,0.00683720513769448,0.9131259067011244,-4.801878325217885
0,soft_block,True,rope;cloth,diagonal_hook,matched_contact,online_adaptation,latent_contact,0.2,12,0.0015,0.0015949449920392312,0.16843073814904555,0.0019288470592787631,0.003457896806275048,0.0007778712997898591,0.0015118537441534401,0.0022130715028560893,0.04419579735429763,False,1.0,0.09999999999999998,0.007702534852111711,0.5901655361886462,-4.989184876864215
0,soft_block,True,rope;cloth,diagonal_hook,matched_contact,online_adaptation,oracle_contact,0.2,12,0.0015,0.00149022499947076,0.15737200839014717,0.0018018875858455366,0.003230423785371984,0.0007256224249975334,0.0014118320381674033,0.0020687632613863634,0.0,False,1.0,0.09999999999999998,0.006841279835875454,0.4943522730854617,-5.010605575534577
0,soft_block,True,rope;cloth,diagonal_hook,matched_contact,online_adaptation,oracle_contact_theta,0.2,12,0.0015,4.8394693078916e-06,0.0005110617556381426,4.3640507497797025e-06,1.897049682759345e-06,3.5720812726319005e-06,6.576579531148242e-06,3.6871682494061954e-06,0.0,False,1.0,0.09999999999999998,0.006579414507805886,5.855115795506203e-06,-5.295666637659622
0,soft_block,True,rope;cloth,diagonal_hook,shifted_contact,pre_intervention,nominal_physics,0.0,0,0.0015,0.002987856139784856,0.4983593607330192,0.0028951539949487854,0.004653833558128868,0.001842001362221727,0.0037250067623157647,0.0030896213173033115,8.017974021493313,False,0.8225446428571429,0.07745535714285712,0.0072511452800303276,1.5823340237130619,-4.412966435014174
0,soft_block,True,rope;cloth,diagonal_hook,shifted_contact,pre_intervention,latent_contact,0.0,0,0.0015,0.0012432153284761467,0.20736205739727334,0.001138955077965857,0.0007981502071609793,0.0009019439087979995,0.0018075582655000919,0.0007078174398787121,1.3671791180989592,False,1.0,0.09999999999999998,0.006525961279701138,0.4186173559870601,-5.361986958334354
0,soft_block,True,rope;cloth,diagonal_hook,shifted_contact,pre_intervention,oracle_contact,0.0,0,0.0015,0.0007453179323605209,0.12431527855982735,0.0007975675432317957,0.0019097119774250863,0.00011917358836191688,0.0006118137986057219,0.001148092210739096,8.537736462515939e-07,False,1.0,0.09999999999999998,0.006809417157179555,0.12116038290275453,-5.201356694784116
0,soft_block,True,rope;cloth,diagonal_hook,shifted_contact,pre_intervention,oracle_contact_theta,0.0,0,0.0015,4.12083298537726e-07,6.873341942186099e-05,3.0518290839050066e-07,1.2051916554037442e-07,3.456650377404378e-08,6.479453796471334e-07,2.896333899848104e-07,8.537736462515939e-07,False,1.0,0.09999999999999998,0.006579414507805887,4.2453161233433166e-08,-5.29566954399094
0,soft_block,True,rope;cloth,diagonal_hook,shifted_contact,online_adaptation,nominal_physics,0.2,12,0.0015,0.0025600670511926596,0.3975682667800867,0.0026878302959148287,0.0023580887815667683,0.003164252589356216,0.0024937441002756792,0.001790943370463319,8.073561867410467,False,0.8764204545454546,0.023579545454545436,0.0070143714649642756,1.4509650174563338,-4.5083784413975225
0,soft_block,True,rope;cloth,diagonal_hook,shifted_contact,online_adaptation,latent_contact,0.2,12,0.0015,0.00022916963494237235,0.035589136042440156,0.00025810862627166685,0.00014908311863099717,0.00030004864951498777,0.00020993271585119632,0.00014621649569752053,0.1651758083641686,False,1.0,0.09999999999999998,0.002532353453611462,0.1322117871484263,-6.393934457848417
0,soft_block,True,rope;cloth,diagonal_hook,shifted_contact,online_adaptation,oracle_contact,0.2,12,0.0015,0.0009411226718528868,0.14615262100329995,0.0011394625763717593,0.0021496059814580127,0.00035957966023442953,0.0008770709399242168,0.0013494194092067593,0.0,False,1.0,0.09999999999999998,0.006677740403046326,0.21177703233655543,-5.175052595411024
0,soft_block,True,rope;cloth,diagonal_hook,shifted_contact,online_adaptation,oracle_contact_theta,0.2,12,0.0015,4.6489265152864746e-07,7.219598628127258e-05,3.883991145310453e-07,1.2051916554037442e-07,4.51833456217532e-07,5.994161236810148e-07,2.7486495194406605e-07,8.537736462515939e-07,False,1.0,0.09999999999999998,0.006579414507805886,5.403129436133412e-08,-5.295669538201872
1,rope,True,cloth;soft_block,diagonal_hook,matched_contact,pre_intervention,nominal_physics,0.0,0,0.0015,0.003536392072293107,0.18847576584570724,0.0029252263162619103,0.006435535681398608,0.0008058544243666708,0.0035953103897779894,0.0049576111680958755,7.999999999999935,False,0.8520408163265306,0.04795918367346941,0.007183536149841723,2.1512570533891795,-4.13988187277388
1,rope,True,cloth;soft_block,diagonal_hook,matched_contact,pre_intervention,latent_contact,0.0,0,0.0015,0.006864348131095451,0.36584271330549833,0.005106897206063148,0.009417813703942592,0.002756643258186079,0.008086815432355832,0.008339203808667792,1.3486770567781712,False,0.75,0.15000000000000002,0.0071102003423872935,4.355422494490429,-3.3386328194136823
1,rope,True,cloth;soft_block,diagonal_hook,matched_contact,pre_intervention,oracle_contact,0.0,0,0.0015,0.0025699726752828524,0.13696941919180108,0.002177652411433406,0.004778249275973533,0.0005945244827944983,0.0026100445854670804,0.0036033663660113603,8.537736462515939e-07,False,0.8188775510204082,0.08112244897959187,0.0071862700814733635,1.0511707232785343,-4.689307442364024
1,rope,True,cloth;soft_block,diagonal_hook,matched_contact,pre_intervention,oracle_contact_theta,0.0,0,0.0015,0.00010808926104884784,0.005760731796536404,8.22494989444908e-05,0.0001917012491559394,1.7881856321199204e-06,0.00010502681855742354,0.00015716611409764751,0.0,False,1.0,0.09999999999999998,0.006579414507805881,0.002920822088521493,-5.294209154173258
1,rope,True,cloth;soft_block,diagonal_hook,matched_contact,online_adaptation,nominal_physics,0.2,12,0.0015,0.003973212501044441,0.2103941431761691,0.003790992850676395,0.006585415701805023,0.0021762038785355722,0.00421172185735652,0.005053184346682065,8.000000000000071,False,0.797077922077922,0.10292207792207797,0.00672562488983119,3.6159247105143066,-3.466284742699054
1,rope,True,cloth;soft_block,diagonal_hook,matched_contact,online_adaptation,latent_contact,0.2,12,0.0015,0.002871362896637274,0.15204772868982908,0.0028340130760663245,0.004914278187035035,0.0015469830165815985,0.0030262616156966913,0.0036790590567298484,0.0016702789115029303,False,0.5405844155844156,0.3594155844155844,0.0029382750391774995,10.665726647750274,-0.8194984262279683
1,rope,True,cloth;soft_block,diagonal_hook,matched_contact,online_adaptation,oracle_contact,0.2,12,0.0015,0.00286920202451161,0.15193330369009075,0.0028312242622525355,0.004909441758678086,0.0015456630974075886,0.0030239529584941845,0.003676388005523577,0.0,False,0.7077922077922078,0.19220779220779227,0.006744999424154266,1.827896777662373,-4.357483957352634
1,rope,True,cloth;soft_block,diagonal_hook,matched_contact,online_adaptation,oracle_contact_theta,0.2,12,0.0015,0.00012194113202118946,0.006457167841585656,0.00010468009578721518,0.0001917012491559394,3.255222503934126e-05,0.0001387649097723198,0.0001580085740828695,0.0,False,1.0,0.09999999999999998,0.006579414507805883,0.0037174099196522893,-5.293810860257693
1,rope,True,cloth;soft_block,diagonal_hook,shifted_contact,pre_intervention,nominal_physics,0.0,0,0.0015,0.007326054038672257,0.635962994095525,0.005723725394979506,0.008206546555448,0.003522250929798984,0.009600680455821482,0.007522458137783137,8.018997441131868,False,0.7181122448979592,0.1818877551020408,0.007183536149841723,9.577302043228276,-0.4268593778543319
1,rope,True,cloth;soft_block,diagonal_hook,shifted_contact,pre_intervention,latent_contact,0.0,0,0.0015,0.0026658685061367393,0.2314197667773348,0.0021086027191958706,0.0024671624806473333,0.0012932450524632748,0.003754113560352579,0.0023384788211751363,1.3676744979100863,False,0.9528061224489796,0.05280612244897953,0.0071102003423872935,0.6215927068843692,-5.205547713216712
1,rope,True,cloth;soft_block,diagonal_hook,shifted_contact,pre_intervention,oracle_contact,0.0,0,0.0015,0.0016081857666249103,0.13960402555124254,0.0014457562659541592,0.0033556855915933418,0.00026124286576556744,0.0014798739834027501,0.0023795823602630168,8.537736462515939e-07,False,0.951530612244898,0.051530612244897966,0.006786232293091365,0.5487877118157285,-4.991260123153006
1,rope,True,cloth;soft_block,diagonal_hook,shifted_contact,pre_intervention,oracle_contact_theta,0.0,0,0.0015,1.2595614725325365e-05,0.0010934051006049315,9.975511533319916e-06,2.0148467697195484e-05,2.4556125574954817e-07,1.4611550599820002e-05,1.6375415284517845e-05,0.0,False,1.0,0.09999999999999998,0.006579414507805881,3.96623775772083e-05,-5.29564973402873
1,rope,True,cloth;soft_block,diagonal_hook,shifted_contact,online_adaptation,nominal_physics,0.2,12,0.0015,0.00764883642466484,0.6245373269941357,0.00718059569979908,0.00826465081653922,0.007719916914196901,0.008370034980647336,0.006704943270058563,8.080796131833564,False,0.5925324675324676,0.30746753246753245,0.007841161645966562,9.314456868472163,-0.48431607603708104
1,rope,True,cloth;soft_block,diagonal_hook,shifted_contact,online_adaptation,latent_contact,0.2,12,0.0015,0.0012814151197470763,0.10462919184361782,0.001374792108658343,0.002439270018007353,0.0007611468687208314,0.0012783292094872558,0.0016700520810365813,0.18671615284811124,False,0.637987012987013,0.26201298701298703,0.002303045569609482,4.174143234992419,-4.587228582665032
1,rope,True,cloth;soft_block,diagonal_hook,shifted_contact,online_adaptation,oracle_contact,0.2,12,0.0015,0.0018433058718641344,0.15050829408958966,0.0018900958052375147,0.003456858430676603,0.0008072677383381703,0.0018818496581392372,0.0024872040754478457,0.0,False,0.9123376623376623,0.012337662337662314,0.00672720866584113,0.7639640639290566,-4.892190436124477
1,rope,True,cloth;soft_block,diagonal_hook,shifted_contact,online_adaptation,oracle_contact_theta,0.2,12,0.0015,1.4209769822926077e-05,0.001160245973334572,1.2696037142475366e-05,2.0148467697195484e-05,5.813805530906285e-06,1.674906041430032e-05,1.7257301100460985e-05,0.0,False,1.0,0.09999999999999998,0.006579414507805882,5.047938960513515e-05,-5.2956443255227175
1,cloth,True,rope;soft_block,diagonal_hook,matched_contact,pre_intervention,nominal_physics,0.0,0,0.0015,0.0013590345834244527,0.18027715310580247,0.0014159638613345223,0.003253738934898392,0.00035860618267744644,0.0012568993847207612,0.0019856583745433342,7.999999999999935,False,0.9940476190476191,0.09404761904761905,0.007225428538319778,0.3470003650886441,-5.034491775222936
1,cloth,True,rope;soft_block,diagonal_hook,matched_contact,pre_intervention,latent_contact,0.0,0,0.0015,0.002635711045927111,0.34962942780452805,0.0024808175382447025,0.005252670368427633,0.001263938042727003,0.0028908862874095485,0.003332416349185385,1.3497866689290485,False,0.8095238095238095,0.09047619047619049,0.0062606296069643895,2.172445179007631,-4.51446791353588
1,cloth,True,rope;soft_block,diagonal_hook,matched_contact,pre_intervention,oracle_contact,0.0,0,0.0015,0.0009369361603681665,0.12428541973335595,0.0009644168580919327,0.0022135227337462832,0.0002507248602839261,0.0008700020458091004,0.0013659347806875076,0.0,False,1.0,0.09999999999999998,0.007228075904036154,0.1542250578963385,-5.130260520860222
1,cloth,True,rope;soft_block,diagonal_hook,matched_contact,pre_intervention,oracle_contact_theta,0.0,0,0.0015,6.5169894963250765e-06,0.0008644844859337694,4.43892060391095e-06,3.125220799715538e-06,2.592277292830875e-07,9.56389444013605e-06,5.959186538705699e-06,0.0,False,1.0,0.09999999999999998,0.006579414507805887,1.0617788023802848e-05,-5.295664256323507
1,cloth,True,rope;soft_block,diagonal_hook,matched_contact,online_adaptation,nominal_physics,0.2,12,0.0015,0.001672255373151093,0.21476900813474584,0.0019373926423595705,0.0034997821427465853,0.0009937039311172706,0.001554030338540869,0.0022678877289559925,7.999999999999981,False,0.9217171717171717,0.02171717171717169,0.006844751269648936,0.6402317089617279,-4.937767447988278
1,cloth,True,rope;soft_block,diagonal_hook,matched_contact,online_adaptation,latent_contact,0.2,12,0.0015,0.0013750289393352458,0.1765959949652498,0.0016032919468856764,0.0029072494132788606,0.0007843139408686276,0.0012708302504434352,0.0018848765296275106,0.0006948883585232333,False,1.0,0.09999999999999998,0.007829457522226912,0.452358239775428,-5.063953840821486
1,cloth,True,rope;soft_block,diagonal_hook,matched_contact,online_adaptation,oracle_contact,0.2,12,0.0015,0.0011853906337659275,0.1522406055639706,0.0013475610188383171,0.0024435055250730205,0.0007149124547057091,0.001092906158505408,0.0016089811919657545,1.2074182697257333e-06,False,1.0,0.09999999999999998,0.006901747533151035,0.3094890936795874,-5.095057118810404
1,cloth,True,rope;soft_block,diagonal_hook,matched_contact,online_adaptation,oracle_contact_theta,0.2,12,0.0015,7.3521556164542905e-06,0.0009442428439759125,5.6493283479995386e-06,3.125220799715538e-06,3.756906004502512e-06,1.1258515999095199e-05,4.35362393175757e-06,0.0,False,1.0,0.09999999999999998,0.0065794145078058855,1.3513548052140089e-05,-5.295662808443492
1,cloth,True,rope;soft_block,diagonal_hook,shifted_contact,pre_intervention,nominal_physics,0.0,0,0.0015,0.0027116572494041012,0.5498751787207772,0.002489762752889648,0.0039290078445020716,0.0016956997159430945,0.0035170481007886162,0.0026046677076769303,8.016814058983565,False,0.8878968253968254,0.012103174603174671,0.007225428538319778,1.2064562161416823,-4.604763849696416
1,cloth,True,rope;soft_block,diagonal_hook,shifted_contact,pre_intervention,latent_contact,0.0,0,0.0015,0.001183081433303244,0.23990757486840023,0.0010026399261615394,0.0007609813396929964,0.0008204529364190132,0.001765193459902233,0.0005958283447278491,1.366600727912393,False,1.0,0.09999999999999998,0.0062606296069643895,0.37299120801745067,-5.41419489903097
1,cloth,True,rope;soft_block,diagonal_hook,shifted_contact,pre_intervention,oracle_contact,0.0,0,0.0015,0.00060566537301169,0.12281801297084148,0.0006378973864286915,0.0015426666893863204,0.00010970931388557746,0.0005098204325884778,0.0009242234979201859,0.0,False,1.0,0.09999999999999998,0.006812224190499047,0.07969777679795763,-5.221736579798441
1,cloth,True,rope;soft_block,diagonal_hook,shifted_contact,pre_intervention,oracle_contact_theta,0.0,0,0.0015,6.005950810701208e-07,0.00012178984922037135,3.940760729297027e-07,1.8150881330997393e-07,2.8604265273671843e-08,9.690627477110058e-07,3.6070100205071554e-07,0.0,False,1.0,0.09999999999999998,0.0065794145078058855,9.017861285140624e-08,-5.295669520128214
1,cloth,True,rope;soft_block,diagonal_hook,shifted_contact,online_adaptation,nominal_physics,0.2,12,0.0015,0.0021881123601778414,0.4138488407063999,0.0020397983575287815,0.0019190517659728903,0.002908100631674957,0.0020380665741583774,0.0012393345323722471,8.070574138557465,False,0.9154040404040404,0.01540404040404042,0.0067441956824714966,1.0665521272981109,-4.738579365546926
1,cloth,True,rope;soft_block,diagonal_hook,shifted_contact,online_adaptation,latent_contact,0.2,12,0.0015,0.0003870885085342792,0.07321202211693585,0.0004643869788281283,0.00020088914956372186,0.00046602976870250743,0.0004121244097990832,0.00023715523461762227,0.08982854755164779,False,0.9835858585858586,0.08358585858585854,0.0018762203911336641,0.72572526571441,-6.382092083008102
1,cloth,True,rope;soft_block,diagonal_hook,shifted_contact,online_adaptation,oracle_contact,0.2,12,0.0015,0.0006128266345156117,0.1159070241839306,0.0007348532122186974,0.001400160444965698,0.0002557986266142582,0.0005684835775485345,0.0008740459110593654,0.0,False,1.0,0.09999999999999998,0.006743669358297402,0.08673378272293746,-5.227907590902066
1,cloth,True,rope;soft_block,diagonal_hook,shifted_contact,online_adaptation,oracle_contact_theta,0.2,12,0.0015,6.775626291972336e-07,0.00012815087273510253,5.015411107869314e-07,1.8150881330997393e-07,4.982338276013323e-07,1.0047924114645692e-06,3.0849149893120665e-07,0.0,False,1.0,0.09999999999999998,0.0065794145078058855,1.1477277912116699e-07,-5.295669507831129
1,soft_block,True,rope;cloth,diagonal_hook,matched_contact,pre_intervention,nominal_physics,0.0,0,0.0015,0.0015936115947404958,0.1736683504502333,0.0016731942731691954,0.0037920931513911525,0.00038821283080786817,0.0014818656658663126,0.002328941309480045,7.999999999999889,False,0.9665178571428571,0.06651785714285707,0.007258498916477728,0.476570813365143,-4.964873011044033
1,soft_block,True,rope;cloth,diagonal_hook,matched_contact,pre_intervention,latent_contact,0.0,0,0.0015,0.0028866754411161558,0.31458365626756,0.00284960218281814,0.005940043370414363,0.0013517405630764237,0.0030389698724958398,0.0037745776618123422,1.349205096605054,False,0.8236607142857143,0.07633928571428572,0.006616157832865874,2.4419418594567874,-4.340689494400153
1,soft_block,True,rope;cloth,diagonal_hook,matched_contact,pre_intervention,oracle_contact,0.0,0,0.0015,0.001041659699614076,0.11351782476954206,0.001077774639010197,0.0024454804490885488,0.0002592225676827186,0.0009833339177946062,0.0015113345708835538,0.0,False,1.0,0.09999999999999998,0.0072611976499330644,0.19001346062432867,-5.107510380574969
1,soft_block,True,rope;cloth,diagonal_hook,matched_contact,pre_intervention,oracle_contact_theta,0.0,0,0.0015,4.289731307411937e-06,0.0004674856549059359,3.4291433187261026e-06,1.897049682759345e-06,3.2079805099070025e-07,6.325398795592487e-06,3.861076833712777e-06,0.0,False,1.0,0.09999999999999998,0.006579414507805887,4.600448672447531e-06,-5.295667264993184
1,soft_block,True,rope;cloth,diagonal_hook,matched_contact,online_adaptation,nominal_physics,0.2,12,0.0015,0.0020748418717826383,0.21910921677623674,0.0024400455699181574,0.004377150005122269,0.0011166162961200174,0.001998990929153357,0.002812937922398375,8.000000000000025,False,0.8139204545454546,0.08607954545454544,0.00675576044133821,1.0106722542321294,-4.76450871298314
1,soft_block,True,rope;cloth,diagonal_hook,matched_contact,online_adaptation,latent_contact,0.2,12,0.0015,0.003373209663996194,0.3562205571189993,0.004049023749456366,0.0071150448950950615,0.0018399701758278534,0.003256872356874436,0.004557296302842051,0.019964160034840833,False,1.0,0.09999999999999998,0.00878428971594513,2.1366610719817176,-4.16834343667215
1,soft_block,True,rope;cloth,diagonal_hook,matched_contact,online_adaptation,oracle_contact,0.2,12,0.0015,0.0015853686391401056,0.16741944798190742,0.001841227615114862,0.0033004131096756395,0.0008545960153494964,0.0015170381863758512,0.0021566050641994056,0.0,False,1.0,0.09999999999999998,0.006762476863306137,0.580543254993522,-4.978590573256827
1,soft_block,True,rope;cloth,diagonal_hook,matched_contact,online_adaptation,oracle_contact_theta,0.2,12,0.0015,4.8394693078916e-06,0.0005110617556381426,4.3640507497797025e-06,1.897049682759345e-06,3.5720812726319005e-06,6.576579531148242e-06,3.6871682494061954e-06,0.0,False,1.0,0.09999999999999998,0.006579414507805886,5.855115795506203e-06,-5.295666637659622
1,soft_block,True,rope;cloth,diagonal_hook,shifted_contact,pre_intervention,nominal_physics,0.0,0,0.0015,0.003051704762845016,0.5090089895917352,0.002972244447279133,0.0049093878840983825,0.0018551550633596763,0.003749772628502899,0.0032401732062669153,8.017974021493313,False,0.8180803571428571,0.08191964285714293,0.007258498916477728,1.6402507510882829,-4.383033042182463
1,soft_block,True,rope;cloth,diagonal_hook,shifted_contact,pre_intervention,latent_contact,0.0,0,0.0015,0.0012753694604657596,0.21272520472217182,0.0011806951834661369,0.0009268906613867222,0.0009087913604157717,0.001833527571158575,0.0008000343697559101,1.3671791180981594,False,1.0,0.09999999999999998,0.006616157832865874,0.43178163262199526,-5.34576960781755
1,soft_block,True,rope;cloth,diagonal_hook,shifted_contact,pre_intervention,oracle_contact,0.0,0,0.0015,0.0006710619015405472,0.11192974648642634,0.0007135063821645438,0.0017084322678263277,0.00011224827674041399,0.0005583357912700882,0.0010289076230458277,8.537736462515939e-07,False,1.0,0.09999999999999998,0.006814480908353639,0.09812183273247774,-5.212156786826957
1,soft_block,True,rope;cloth,diagonal_hook,shifted_contact,pre_intervention,oracle_contact_theta,0.0,0,0.0015,4.12083298537726e-07,6.873341942186099e-05,3.0518290839050066e-07,1.2051916554037442e-07,3.456650377404378e-08,6.479453796471334e-07,2.896333899848104e-07,8.537736462515939e-07,False,1.0,0.09999999999999998,0.006579414507805887,4.2453161233433166e-08,-5.29566954399094
1,soft_block,True,rope;cloth,diagonal_hook,shifted_contact,online_adaptation,nominal_physics,0.2,12,0.0015,0.002524638197914743,0.3920663062805969,0.0026598747975938824,0.00226807299965768,0.003130835521074308,0.002457990506836152,0.0017482519322481115,8.073561867410513,False,0.8835227272727273,0.01647727272727273,0.006877730291772549,1.4408065778404338,-4.5319963089116335
1,soft_block,True,rope;cloth,diagonal_hook,shifted_contact,online_adaptation,latent_contact,0.2,12,0.0015,8.63853613706938e-05,0.0134153042512376,8.777123460672288e-05,0.00010471846405338901,6.973674234013721e-05,8.690919042619012e-05,0.00010074743520703454,0.060525956802405655,False,1.0,0.09999999999999998,0.001713944328269651,0.03536806016867835,-6.820711318361151
1,soft_block,True,rope;cloth,diagonal_hook,shifted_contact,online_adaptation,oracle_contact,0.2,12,0.0015,0.000921688765727595,0.14313461240411124,0.0011159364076654557,0.00210522981413655,0.0003540427907647867,0.000859520475380535,0.0013206227367325246,0.0,False,1.0,0.09999999999999998,0.006690356336905869,0.20175393431588445,-5.178189856453262
1,soft_block,True,rope;cloth,diagonal_hook,shifted_contact,online_adaptation,oracle_contact_theta,0.2,12,0.0015,4.6489265152864746e-07,7.219598628127258e-05,3.883991145310453e-07,1.2051916554037442e-07,4.51833456217532e-07,5.994161236810148e-07,2.7486495194406605e-07,8.537736462515939e-07,False,1.0,0.09999999999999998,0.006579414507805886,5.403129436133412e-08,-5.295669538201872
2,rope,True,cloth;soft_block,diagonal_hook,matched_contact,pre_intervention,nominal_physics,0.0,0,0.0015,0.0035244153903036,0.18783745587777456,0.002917629643285787,0.006427012419517865,0.0008049038481967753,0.0035818877177291584,0.004941469689795057,8.000000000000025,False,0.8520408163265306,0.04795918367346941,0.007231920496678161,2.0926548121280506,-4.163541834757229
2,rope,True,cloth;soft_block,diagonal_hook,matched_contact,pre_intervention,latent_contact,0.0,0,0.0015,0.006840470756965818,0.36457014332924315,0.005094044567591427,0.009380693365464302,0.002754928097965696,0.008069288667990617,0.00829657335454598,1.3486770567776307,False,0.7487244897959183,0.1512755102040817,0.0071235627005358385,4.322822102019424,-3.354143329038811
2,rope,True,cloth;soft_block,diagonal_hook,matched_contact,pre_intervention,oracle_contact,0.0,0,0.0015,0.0025520468656107585,0.1360140441549598,0.002160870445706994,0.0047414238946678145,0.0005931351904881747,0.0025903881747446258,0.003578860267741476,8.537736462515939e-07,False,0.8329081632653061,0.06709183673469388,0.007234993161201443,1.0118956919219428,-4.703239627805739
2,rope,True,cloth;soft_block,diagonal_hook,matched_contact,pre_intervention,oracle_contact_theta,0.0,0,0.0015,0.00010808926104884784,0.005760731796536404,8.22494989444908e-05,0.0001917012491559394,1.7881856321199204e-06,0.00010502681855742354,0.00015716611409764751,0.0,False,1.0,0.09999999999999998,0.006579414507805881,0.002920822088521493,-5.294209154173258
2,rope,True,cloth;soft_block,diagonal_hook,matched_contact,online_adaptation,nominal_physics,0.2,12,0.0015,0.0037047241197150347,0.19617683591467536,0.0033166397727673828,0.005754873855556342,0.0020616768650012266,0.003943637098836614,0.004681707406764122,8.000000000000025,False,0.8474025974025974,0.05259740259740264,0.008125675330847749,2.0410959434370826,-4.088332354768526
2,rope,True,cloth;soft_block,diagonal_hook,matched_contact,online_adaptation,latent_contact,0.2,12,0.0015,0.002741354723225645,0.14516338554340832,0.0025468005885435274,0.004416415337969425,0.0015421983268119428,0.002912829372711401,0.0034611813849154214,1.2945470931577423,False,0.8766233766233766,0.023376623376623384,0.006168739146707337,2.1397853932616435,-4.560202854189998
2,rope,True,cloth;soft_block,diagonal_hook,matched_contact,online_adaptation,oracle_contact,0.2,12,0.0015,0.0024609681065091283,0.13031602916198415,0.002210447909737249,0.003831603607391403,0.0013652565484547194,0.0026122105637179003,0.0031186818970606934,0.0,False,0.8733766233766234,0.02662337662337666,0.008117974288774858,0.7996233047553944,-4.709022996415659
2,rope,True,cloth;soft_block,diagonal_hook,matched_contact,online_adaptation,oracle_contact_theta,0.2,12,0.0015,0.00012194113202118946,0.006457167841585656,0.00010468009578721518,0.0001917012491559394,3.255222503934126e-05,0.0001387649097723198,0.0001580085740828695,0.0,False,1.0,0.09999999999999998,0.006579414507805883,0.0037174099196522893,-5.293810860257693
2,rope,True,cloth;soft_block,diagonal_hook,shifted_contact,pre_intervention,nominal_physics,0.0,0,0.0015,0.007349550449244259,0.6380026797897596,0.005739080508793847,0.00825445590478286,0.003521556964290777,0.00962817729310883,0.0075569316001561585,8.018997441132004,False,0.7168367346938775,0.18316326530612248,0.007231920496678161,9.493076914264783,-0.46333078368886255
2,rope,True,cloth;soft_block,diagonal_hook,shifted_contact,pre_intervention,latent_contact,0.0,0,0.0015,0.002683291706853626,0.23293224687045827,0.002126610348928046,0.002507583471274595,0.001294651785442958,0.003764644343771186,0.002381389769018497,1.3676744979095532,False,0.9528061224489796,0.05280612244897953,0.0071235627005358385,0.6302864680045094,-5.200411146046268
2,rope,True,cloth;soft_block,diagonal_hook,shifted_contact,pre_intervention,oracle_contact,0.0,0,0.0015,0.0015949860669374194,0.13845818080451994,0.0014346142955932895,0.0033298192757108486,0.0002616757439217891,0.0014719502976219335,0.0023569729340084567,8.537736462515939e-07,False,0.9553571428571429,0.05535714285714288,0.006802343232322939,0.5353500041251849,-4.995723071851146
2,rope,True,cloth;soft_block,diagonal_hook,shifted_contact,pre_intervention,oracle_contact_theta,0.0,0,0.0015,1.2595614725325365e-05,0.0010934051006049315,9.975511533319916e-06,2.0148467697195484e-05,2.4556125574954817e-07,1.4611550599820002e-05,1.6375415284517845e-05,0.0,False,1.0,0.09999999999999998,0.006579414507805881,3.96623775772083e-05,-5.29564973402873
2,rope,True,cloth;soft_block,diagonal_hook,shifted_contact,online_adaptation,nominal_physics,0.2,12,0.0015,0.007583390065962704,0.6191935476718942,0.007237348717820751,0.008441562055576874,0.007629244143957465,0.008300935915225665,0.006674470905301094,8.080796131833473,False,0.551948051948052,0.34805194805194806,0.0074933678328418605,9.819014458738874,-0.2682990911255189
2,rope,True,cloth;soft_block,diagonal_hook,shifted_contact,online_adaptation,latent_contact,0.2,12,0.0015,0.00034660217699526236,0.028300513324215147,0.00033236137428929637,0.0006847489178278433,0.00015714644524283792,0.0003534512683920631,0.00046610184161521655,0.6751050164152238,False,1.0,0.09999999999999998,0.002513167189558571,0.1616782455039235,-6.410146285154272
2,rope,True,cloth;soft_block,diagonal_hook,shifted_contact,online_adaptation,oracle_contact,0.2,12,0.0015,0.0017830317090919343,0.14558683121411592,0.0018029474816109784,0.003297454781179231,0.0008000036866217578,0.0018287707148438089,0.0023922309960193503,0.0,False,0.952922077922078,0.052922077922077926,0.006881348296125923,0.6628663931263692,-4.920604798373851
2,rope,True,cloth;soft_block,diagonal_hook,shifted_contact,online_adaptation,oracle_contact_theta,0.2,12,0.0015,1.4209769822926077e-05,0.001160245973334572,1.2696037142475366e-05,2.0148467697195484e-05,5.813805530906285e-06,1.674906041430032e-05,1.7257301100460985e-05,0.0,False,1.0,0.09999999999999998,0.006579414507805882,5.047938960513515e-05,-5.2956443255227175
2,cloth,True,rope;soft_block,diagonal_hook,matched_contact,pre_intervention,nominal_physics,0.0,0,0.0015,0.001323966311954502,0.17562531552782548,0.0013828834556379585,0.003175591312377094,0.0003482573537324065,0.0012140955722345402,0.0019415164021204126,7.999999999999889,False,1.0,0.09999999999999998,0.007235058500897559,0.32919317357909905,-5.042273767387598
2,cloth,True,rope;soft_block,diagonal_hook,matched_contact,pre_intervention,latent_contact,0.0,0,0.0015,0.0025514290235961155,0.33844934215465017,0.0023765793200825683,0.004982730226846552,0.0012555171858401248,0.002819275589695371,0.0031935709433161133,1.3497866689287783,False,0.8878968253968254,0.012103174603174671,0.006380477452666443,1.9274080088872736,-4.622227529663343
2,cloth,True,rope;soft_block,diagonal_hook,matched_contact,pre_intervention,oracle_contact,0.0,0,0.0015,0.0008810016340032561,0.11686565477934067,0.0009093830541828744,0.0020872106144718093,0.00023446949080289543,0.0008021546276546845,0.0012951843593266752,0.0,False,1.0,0.09999999999999998,0.007237775685034214,0.13701387567780665,-5.137731464863271
2,cloth,True,rope;soft_block,diagonal_hook,matched_contact,pre_intervention,oracle_contact_theta,0.0,0,0.0015,6.5169894963250765e-06,0.0008644844859337694,4.43892060391095e-06,3.125220799715538e-06,2.592277292830875e-07,9.56389444013605e-06,5.959186538705699e-06,0.0,False,1.0,0.09999999999999998,0.006579414507805887,1.0617788023802848e-05,-5.295664256323507
2,cloth,True,rope;soft_block,diagonal_hook,matched_contact,online_adaptation,nominal_physics,0.2,12,0.0015,0.001283770449934506,0.16487559892577405,0.0015295138911401538,0.0027695673392106337,0.0007091273582096511,0.0012130562277734359,0.001750498371260151,8.000000000000071,False,1.0,0.09999999999999998,0.007118041106267418,0.3397329398437596,-5.05055957747869
2,cloth,True,rope;soft_block,diagonal_hook,matched_contact,online_adaptation,latent_contact,0.2,12,0.0015,0.000932069946307231,0.11970644023311086,0.0011407446679858628,0.002068555376233934,0.0004435590026183002,0.0008718255101864725,0.0013058338413324967,0.013825142583384182,False,1.0,0.09999999999999998,0.0076541494653327375,0.21479446534663277,-5.2110938849587205
2,cloth,True,rope;soft_block,diagonal_hook,matched_contact,online_adaptation,oracle_contact,0.2,12,0.0015,0.0005246928644927058,0.06738669696730307,0.0006284513847139385,0.0011396128563541665,0.0002296923852527793,0.0004954128993414182,0.0007387453891577626,0.0,False,1.0,0.09999999999999998,0.007115224427142583,0.052034194864354726,-5.194574251855807
2,cloth,True,rope;soft_block,diagonal_hook,matched_contact,online_adaptation,oracle_contact_theta,0.2,12,0.0015,7.3521556164542905e-06,0.0009442428439759125,5.6493283479995386e-06,3.125220799715538e-06,3.756906004502512e-06,1.1258515999095199e-05,4.35362393175757e-06,0.0,False,1.0,0.09999999999999998,0.0065794145078058855,1.3513548052140089e-05,-5.295662808443492
2,cloth,True,rope;soft_block,diagonal_hook,shifted_contact,pre_intervention,nominal_physics,0.0,0,0.0015,0.002762681908056347,0.5602220591392874,0.0025332781738678224,0.004038752526383944,0.0017104700114681957,0.003583602482423166,0.0026648395863190528,8.016814058983428,False,0.8849206349206349,0.015079365079365137,0.007235058500897559,1.2442740184853318,-4.584733344934482
2,cloth,True,rope;soft_block,diagonal_hook,shifted_contact,pre_intervention,latent_contact,0.0,0,0.0015,0.0012084002381624371,0.24504177180645526,0.001048074415561859,0.000823882732540324,0.000824891833708006,0.0017938200248202875,0.0006543208538703858,1.366600727912393,False,1.0,0.09999999999999998,0.006380477452666443,0.3771799596359689,-5.397341554288995
2,cloth,True,rope;soft_block,diagonal_hook,shifted_contact,pre_intervention,oracle_contact,0.0,0,0.0015,0.0005698196572484527,0.11554914838037164,0.0006014948789815285,0.0014546304992394525,0.00010243181724162944,0.00047484881086332445,0.0008723973675129893,0.0,False,1.0,0.09999999999999998,0.006815212927755605,0.07049734887609942,-5.225919945846909
2,cloth,True,rope;soft_block,diagonal_hook,shifted_contact,pre_intervention,oracle_contact_theta,0.0,0,0.0015,6.005950810701208e-07,0.00012178984922037135,3.940760729297027e-07,1.8150881330997393e-07,2.8604265273671843e-08,9.690627477110058e-07,3.6070100205071554e-07,0.0,False,1.0,0.09999999999999998,0.0065794145078058855,9.017861285140624e-08,-5.295669520128214
2,cloth,True,rope;soft_block,diagonal_hook,shifted_contact,online_adaptation,nominal_physics,0.2,12,0.0015,0.0022180983134845534,0.4195202368555676,0.002062759873889319,0.0019213887563353437,0.002931414996861817,0.0020918415565248007,0.0012519505045840572,8.070574138557465,False,0.9128787878787878,0.012878787878787823,0.006765013716925801,1.0888435808032197,-4.724360906011213
2,cloth,True,rope;soft_block,diagonal_hook,shifted_contact,online_adaptation,latent_contact,0.2,12,0.0015,0.0017447816218180237,0.3299994390674406,0.0014933392341617666,0.0008900211930582031,0.0024078389001565103,0.001664975628566699,0.0006210640496227433,0.7067772121176952,False,0.73989898989899,0.16010101010101008,0.0028781524548729515,6.042813403638495,-3.2999644786916833
2,cloth,True,rope;soft_block,diagonal_hook,shifted_contact,online_adaptation,oracle_contact,0.2,12,0.0015,0.0007839016908199738,0.14826332133477163,0.0009270225592954166,0.0017662721408412095,0.000347821862755719,0.0007225260747057096,0.0011146018579901308,0.0,False,1.0,0.09999999999999998,0.006671988030033864,0.14760894420535434,-5.208023765414622
2,cloth,True,rope;soft_block,diagonal_hook,shifted_contact,online_adaptation,oracle_contact_theta,0.2,12,0.0015,6.775626291972336e-07,0.00012815087273510253,5.015411107869314e-07,1.8150881330997393e-07,4.982338276013323e-07,1.0047924114645692e-06,3.0849149893120665e-07,0.0,False,1.0,0.09999999999999998,0.0065794145078058855,1.1477277912116699e-07,-5.295669507831129
2,soft_block,True,rope;cloth,diagonal_hook,matched_contact,pre_intervention,nominal_physics,0.0,0,0.0015,0.0015858531434995952,0.17282285118711127,0.0016730477068017887,0.003798100459936931,0.00038200034017159436,0.001459168288894154,0.002328677021221349,8.000000000000071,False,0.9754464285714286,0.07544642857142858,0.0072668342551278145,0.4691069772583783,-4.967604597808714
2,soft_block,True,rope;cloth,diagonal_hook,matched_contact,pre_intervention,latent_contact,0.0,0,0.0015,0.002892189409054131,0.31518455658692524,0.0028587361281766747,0.005966369506058031,0.001351224600850484,0.0030319628064456976,0.003793803537851446,1.3492050966047837,False,0.8180803571428571,0.08191964285714293,0.006611270894314711,2.4564111569505536,-4.33303426338148
2,soft_block,True,rope;cloth,diagonal_hook,matched_contact,pre_intervention,oracle_contact,0.0,0,0.0015,0.0010296400253476722,0.11220794662251754,0.001081034574492935,0.00245300776841077,0.0002492993812309053,0.0009472687332804383,0.001511786730339699,0.0,False,1.0,0.09999999999999998,0.007269587860897842,0.18346147537403595,-5.109774995825593
2,soft_block,True,rope;cloth,diagonal_hook,matched_contact,pre_intervention,oracle_contact_theta,0.0,0,0.0015,4.289731307411937e-06,0.0004674856549059359,3.4291433187261026e-06,1.897049682759345e-06,3.2079805099070025e-07,6.325398795592487e-06,3.861076833712777e-06,0.0,False,1.0,0.09999999999999998,0.006579414507805887,4.600448672447531e-06,-5.295667264993184
2,soft_block,True,rope;cloth,diagonal_hook,matched_contact,online_adaptation,nominal_physics,0.2,12,0.0015,0.001807833764586454,0.19091239944943164,0.002119081293151007,0.0037953418829151184,0.0010010018142970706,0.001759048030341684,0.002425456502209485,8.000000000000071,False,0.9261363636363636,0.026136363636363624,0.0071154540306095325,0.6794893427801993,-4.880174612278526
2,soft_block,True,rope;cloth,diagonal_hook,matched_contact,online_adaptation,latent_contact,0.2,12,0.0015,0.0013793139544339068,0.14565948584066749,0.001583305916143423,0.0028369462174859736,0.0007508388679530149,0.0013197531369993883,0.0018732648564109002,0.020935301072777364,False,1.0,0.09999999999999998,0.008010673067321984,0.4559351359939912,-5.085178120043233
2,soft_block,True,rope;cloth,diagonal_hook,matched_contact,online_adaptation,oracle_contact,0.2,12,0.0015,0.0011451643347944796,0.12093261847531517,0.001285292967462273,0.0022894127599048125,0.0006754655826133336,0.0011226020120019469,0.0015107785150724352,0.0,False,1.0,0.09999999999999998,0.0071416570972917285,0.2567062353762303,-5.087905534362431
2,soft_block,True,rope;cloth,diagonal_hook,matched_contact,online_adaptation,oracle_contact_theta,0.2,12,0.0015,4.8394693078916e-06,0.0005110617556381426,4.3640507497797025e-06,1.897049682759345e-06,3.5720812726319005e-06,6.576579531148242e-06,3.6871682494061954e-06,0.0,False,1.0,0.09999999999999998,0.006579414507805886,5.855115795506203e-06,-5.295666637659622
2,soft_block,True,rope;cloth,diagonal_hook,shifted_contact,pre_intervention,nominal_physics,0.0,0,0.0015,0.0030781144782353457,0.5134139971501023,0.0029900242642484495,0.004898357663197626,0.0018664646160365867,0.0038054495008315336,0.0032425177481157307,8.017974021493494,False,0.8125,0.08750000000000002,0.0072668342551278145,1.6644988057220758,-4.369908683576865
2,soft_block,True,rope;cloth,diagonal_hook,shifted_contact,pre_intervention,latent_contact,0.0,0,0.0015,0.0012835484982364692,0.21408942704216463,0.0011914032392743594,0.0008906631113286244,0.0009091311074662076,0.0018487018872320442,0.0008034534875655464,1.3671791180986923,False,1.0,0.09999999999999998,0.006611270894314711,0.43485446597072974,-5.343812608871393
2,soft_block,True,rope;cloth,diagonal_hook,shifted_contact,pre_intervention,oracle_contact,0.0,0,0.0015,0.000669075062067694,0.11159835166577692,0.0007157045464238678,0.0017136987886176747,0.00010697976243269163,0.0005497412375206607,0.0010303585866610983,8.537736462515939e-07,False,1.0,0.09999999999999998,0.006816864726956852,0.09725719825098035,-5.212254485525693
2,soft_block,True,rope;cloth,diagonal_hook,shifted_contact,pre_intervention,oracle_contact_theta,0.0,0,0.0015,4.12083298537726e-07,6.873341942186099e-05,3.0518290839050066e-07,1.2051916554037442e-07,3.456650377404378e-08,6.479453796471334e-07,2.896333899848104e-07,8.537736462515939e-07,False,1.0,0.09999999999999998,0.006579414507805887,4.2453161233433166e-08,-5.29566954399094
2,soft_block,True,rope;cloth,diagonal_hook,shifted_contact,online_adaptation,nominal_physics,0.2,12,0.0015,0.002582700908996556,0.4010832151926487,0.002728916040697478,0.002302130334740831,0.0031608476644794923,0.0025456563282739626,0.0018210137258973366,8.07356186741074,False,0.8764204545454546,0.023579545454545436,0.006818915245573714,1.528835677536278,-4.4961994245396975
2,soft_block,True,rope;cloth,diagonal_hook,shifted_contact,online_adaptation,latent_contact,0.2,12,0.0015,0.0010453000085271483,0.162330948504549,0.001263433395702629,0.002042440943393789,0.0008544056827659257,0.0009421716881930395,0.001304148445011238,0.07108379138956658,False,1.0,0.09999999999999998,0.0054180799004941195,0.6139786680016157,-5.445560966734951
2,soft_block,True,rope;cloth,diagonal_hook,shifted_contact,online_adaptation,oracle_contact,0.2,12,0.0015,0.0009701016827799195,0.1506529465482478,0.001165983154835643,0.002199605325005168,0.0003829237735338359,0.000907393352495715,0.001385083298414754,0.0,False,1.0,0.09999999999999998,0.00665554146969057,0.22761148853085145,-5.170428896867349
2,soft_block,True,rope;cloth,diagonal_hook,shifted_contact,online_adaptation,oracle_contact_theta,0.2,12,0.0015,4.6489265152864746e-07,7.219598628127258e-05,3.883991145310453e-07,1.2051916554037442e-07,4.51833456217532e-07,5.994161236810148e-07,2.7486495194406605e-07,8.537736462515939e-07,False,1.0,0.09999999999999998,0.006579414507805886,5.403129436133412e-08,-5.295669538201872
3,rope,True,cloth;soft_block,diagonal_hook,matched_contact,pre_intervention,nominal_physics,0.0,0,0.0015,0.003507458787864167,0.18693373576824468,0.0028895412730943,0.006358892906145179,0.0007997749503355066,0.003566265487135808,0.004916678304490119,8.000000000000025,False,0.8558673469387755,0.04413265306122449,0.0072855942962188865,2.0419278808206984,-4.182351323233965
3,rope,True,cloth;soft_block,diagonal_hook,matched_contact,pre_intervention,latent_contact,0.0,0,0.0015,0.006836315535022332,0.3643486863691416,0.005091004230312461,0.009362631850531674,0.002753377242262724,0.008063713742427564,0.008292181791982755,1.348677056777901,False,0.75,0.15000000000000002,0.0071316787248099246,4.3021273259564365,-3.363488993812274
3,rope,True,cloth;soft_block,diagonal_hook,matched_contact,pre_intervention,oracle_contact,0.0,0,0.0015,0.0025267908311156985,0.13466799701245633,0.0021274863455330276,0.004668171870673245,0.0005855667577400656,0.0025667169672223,0.0035422377006431357,8.537736462515939e-07,False,0.8405612244897959,0.059438775510204156,0.007289010158020893,0.9683262764267782,-4.7184003243860895
3,rope,True,cloth;soft_block,diagonal_hook,matched_contact,pre_intervention,oracle_contact_theta,0.0,0,0.0015,0.00010808926104884784,0.005760731796536404,8.22494989444908e-05,0.0001917012491559394,1.7881856321199204e-06,0.00010502681855742354,0.00015716611409764751,0.0,False,1.0,0.09999999999999998,0.006579414507805881,0.002920822088521493,-5.294209154173258
3,rope,True,cloth;soft_block,diagonal_hook,matched_contact,online_adaptation,nominal_physics,0.2,12,0.0015,0.003961836027700978,0.20979172300336557,0.003767133639294086,0.006540935746982087,0.0021808287875887374,0.004205304444973783,0.005028642049881829,7.999999999999935,False,0.8003246753246753,0.0996753246753247,0.006870374163566547,3.3419926131814717,-3.583269496780482
3,rope,True,cloth;soft_block,diagonal_hook,matched_contact,online_adaptation,latent_contact,0.2,12,0.0015,0.0028262202983351885,0.14965728561938757,0.0027815181716645803,0.004823248970432797,0.0015257743889541097,0.002980626557670752,0.003618100322915662,3.078324659199975e-06,False,0.5487012987012987,0.35129870129870133,0.003074702736008496,10.511547402675584,-0.9193477867265015
3,rope,True,cloth;soft_block,diagonal_hook,matched_contact,online_adaptation,oracle_contact,0.2,12,0.0015,0.0028169008186039253,0.14916378975114708,0.002768964189823892,0.004801480128322095,0.001519797954410511,0.002970585127491467,0.003606784306126703,8.537736462515939e-07,False,0.7597402597402597,0.1402597402597403,0.0069101988298209014,1.629611339018824,-4.433418387950541
3,rope,True,cloth;soft_block,diagonal_hook,matched_contact,online_adaptation,oracle_contact_theta,0.2,12,0.0015,0.00012194113202118946,0.006457167841585656,0.00010468009578721518,0.0001917012491559394,3.255222503934126e-05,0.0001387649097723198,0.0001580085740828695,0.0,False,1.0,0.09999999999999998,0.006579414507805883,0.0037174099196522893,-5.293810860257693
3,rope,True,cloth;soft_block,diagonal_hook,shifted_contact,pre_intervention,nominal_physics,0.0,0,0.0015,0.007345210052805168,0.6376258969404391,0.005723455862788325,0.008213606451449862,0.0035268694765654323,0.00962140051438948,0.007550295186330455,8.01899744113205,False,0.7257653061224489,0.17423469387755108,0.0072855942962188865,9.34121263835932,-0.5327089444646546
3,rope,True,cloth;soft_block,diagonal_hook,shifted_contact,pre_intervention,latent_contact,0.0,0,0.0015,0.00267973753497354,0.23262371491335584,0.0021137067754947426,0.002479795902078857,0.0012958156151836422,0.003765366251865063,0.0023670225212496566,1.3676744979098199,False,0.9528061224489796,0.05280612244897953,0.0071316787248099246,0.6203820098501694,-5.2043616518654074
3,rope,True,cloth;soft_block,diagonal_hook,shifted_contact,pre_intervention,oracle_contact,0.0,0,0.0015,0.0015783211742293746,0.1370115282126958,0.0014124507350075735,0.0032783779964296145,0.00025860971172515177,0.0014539490691165447,0.0023341115622685015,0.0,False,0.9617346938775511,0.06173469387755104,0.00682466815816326,0.5169722862154021,-5.001763731985993
3,rope,True,cloth;soft_block,diagonal_hook,shifted_contact,pre_intervention,oracle_contact_theta,0.0,0,0.0015,1.2595614725325365e-05,0.0010934051006049315,9.975511533319916e-06,2.0148467697195484e-05,2.4556125574954817e-07,1.4611550599820002e-05,1.6375415284517845e-05,0.0,False,1.0,0.09999999999999998,0.006579414507805881,3.96623775772083e-05,-5.29564973402873
3,rope,True,cloth;soft_block,diagonal_hook,shifted_contact,online_adaptation,nominal_physics,0.2,12,0.0015,0.0075784568457602725,0.6187907439004912,0.007322434196551403,0.008696146973767863,0.007560366716562295,0.008298734458458216,0.00674341097273406,8.080796131833518,False,0.5178571428571429,0.3821428571428571,0.006679431876471987,13.090754301882697,1.2644835674518262
3,rope,True,cloth;soft_block,diagonal_hook,shifted_contact,online_adaptation,latent_contact,0.2,12,0.0015,0.002170279254386131,0.1772060911113722,0.0021935252575254246,0.004012000890326981,0.0009848639525817907,0.0022291742309639077,0.0029051347213966284,1.0728392350103648,False,0.3555194805194805,0.5444805194805196,0.0007227877290868754,114.87336302326997,49.76433004604258
3,rope,True,cloth;soft_block,diagonal_hook,shifted_contact,online_adaptation,oracle_contact,0.2,12,0.0015,0.001859554574216368,0.15183502152508088,0.0018901396649361926,0.0034569128702644273,0.0008404281654324203,0.0019186110555607747,0.0024833543441559434,0.0,False,0.9172077922077922,0.017207792207792227,0.006748934106424533,0.776931704566221,-4.882742861356946
3,rope,True,cloth;soft_block,diagonal_hook,shifted_contact,online_adaptation,oracle_contact_theta,0.2,12,0.0015,1.4209769822926077e-05,0.001160245973334572,1.2696037142475366e-05,2.0148467697195484e-05,5.813805530906285e-06,1.674906041430032e-05,1.7257301100460985e-05,0.0,False,1.0,0.09999999999999998,0.006579414507805882,5.047938960513515e-05,-5.2956443255227175
3,cloth,True,rope;soft_block,diagonal_hook,matched_contact,pre_intervention,nominal_physics,0.0,0,0.0015,0.0013663133608128322,0.18124268943701305,0.0014239701025863542,0.003271053246671481,0.00036092333482657405,0.0012582518170445444,0.001999801111093444,8.000000000000025,False,0.9940476190476191,0.09404761904761905,0.007225987455567132,0.35132879373233605,-5.032284787500727
3,cloth,True,rope;soft_block,diagonal_hook,matched_contact,pre_intervention,latent_contact,0.0,0,0.0015,0.002637193489350838,0.34982607525068543,0.0024811989379043423,0.005252722554325246,0.0012645786728144443,0.0028908477402481447,0.003335842175454225,1.3497866689293183,False,0.8115079365079365,0.08849206349206351,0.0062993749182091345,2.1485141939125447,-4.519961540468815
3,cloth,True,rope;soft_block,diagonal_hook,matched_contact,pre_intervention,oracle_contact,0.0,0,0.0015,0.0009485358640095077,0.12582413079695726,0.0009758010284631861,0.002239650037326704,0.0002543218097862642,0.000872688343914615,0.0013881504468431737,0.0,False,1.0,0.09999999999999998,0.007228642388026057,0.1588077589674662,-5.127925400384174
3,cloth,True,rope;soft_block,diagonal_hook,matched_contact,pre_intervention,oracle_contact_theta,0.0,0,0.0015,6.5169894963250765e-06,0.0008644844859337694,4.43892060391095e-06,3.125220799715538e-06,2.592277292830875e-07,9.56389444013605e-06,5.959186538705699e-06,0.0,False,1.0,0.09999999999999998,0.006579414507805887,1.0617788023802848e-05,-5.295664256323507
3,cloth,True,rope;soft_block,diagonal_hook,matched_contact,online_adaptation,nominal_physics,0.2,12,0.0015,0.0015693058427878447,0.20154712296155644,0.001861048071609641,0.0033699476127894657,0.0008749609711096889,0.0014713329905291332,0.002144828571094832,8.000000000000025,False,0.9570707070707071,0.05707070707070705,0.006946104551418844,0.5471724510357848,-4.970527000625752
3,cloth,True,rope;soft_block,diagonal_hook,matched_contact,online_adaptation,latent_contact,0.2,12,0.0015,0.001260358253860028,0.16186875307561124,0.0015326435811695016,0.0027791837118846256,0.0006335125662415863,0.001177512970395874,0.0017540973325671492,0.002781517887755787,False,1.0,0.09999999999999998,0.007594893406509801,0.3853570062676955,-5.102214288408653
3,cloth,True,rope;soft_block,diagonal_hook,matched_contact,online_adaptation,oracle_contact,0.2,12,0.0015,0.0010497806708050722,0.13482411660785407,0.001265653170197381,0.002295046267170426,0.0005504580672708456,0.0009799032526476542,0.001452621253198767,1.2074182697257333e-06,False,1.0,0.09999999999999998,0.006985640071242739,0.234211592769991,-5.1214045331574996
3,cloth,True,rope;soft_block,diagonal_hook,matched_contact,online_adaptation,oracle_contact_theta,0.2,12,0.0015,7.3521556164542905e-06,0.0009442428439759125,5.6493283479995386e-06,3.125220799715538e-06,3.756906004502512e-06,1.1258515999095199e-05,4.35362393175757e-06,0.0,False,1.0,0.09999999999999998,0.0065794145078058855,1.3513548052140089e-05,-5.295662808443492
3,cloth,True,rope;soft_block,diagonal_hook,shifted_contact,pre_intervention,nominal_physics,0.0,0,0.0015,0.0027055125897584103,0.5486291525787952,0.0024785499605748493,0.0039051959522122784,0.0016924552983950767,0.0035207073047526017,0.0025816962179698462,8.016814058983611,False,0.8908730158730159,0.009126984126984095,0.007225987455567132,1.200206005807256,-4.607846181463268
3,cloth,True,rope;soft_block,diagonal_hook,shifted_contact,pre_intervention,latent_contact,0.0,0,0.0015,0.001182327253195939,0.23975464074614594,0.0010008917481750437,0.0007534295760249243,0.0008200449989016767,0.0017655718089629145,0.0005905571023597349,1.366600727912393,False,1.0,0.09999999999999998,0.0062993749182091345,0.36766034970239986,-5.410388462573887
3,cloth,True,rope;soft_block,diagonal_hook,shifted_contact,pre_intervention,oracle_contact,0.0,0,0.0015,0.0006126107645139005,0.12422641309014233,0.0006454261801935365,0.0015608709403771594,0.00011145721138104426,0.0005135701908826504,0.0009359779545420092,0.0,False,1.0,0.09999999999999998,0.0068122165291495925,0.08158456005701749,-5.22079573223522
3,cloth,True,rope;soft_block,diagonal_hook,shifted_contact,pre_intervention,oracle_contact_theta,0.0,0,0.0015,6.005950810701208e-07,0.00012178984922037135,3.940760729297027e-07,1.8150881330997393e-07,2.8604265273671843e-08,9.690627477110058e-07,3.6070100205071554e-07,0.0,False,1.0,0.09999999999999998,0.0065794145078058855,9.017861285140624e-08,-5.295669520128214
3,cloth,True,rope;soft_block,diagonal_hook,shifted_contact,online_adaptation,nominal_physics,0.2,12,0.0015,0.002239161932940282,0.42350410653771026,0.0020780965731514106,0.0019467866101591151,0.0029611465792106833,0.002107825640720302,0.0012660247457560567,8.070574138557372,False,0.9141414141414141,0.014141414141414121,0.006806844235679473,1.0936125808364174,-4.715929859327571
3,cloth,True,rope;soft_block,diagonal_hook,shifted_contact,online_adaptation,latent_contact,0.2,12,0.0015,0.0012619091505432169,0.2386713079883441,0.0011016720104483424,0.0007547246080279305,0.0018065648287976287,0.0010850763077704857,0.0004964330533836504,0.052967964060038786,False,0.98989898989899,0.08989898989898992,0.00526704147630392,0.791857796565467,-5.3296150130056645
3,cloth,True,rope;soft_block,diagonal_hook,shifted_contact,online_adaptation,oracle_contact,0.2,12,0.0015,0.0007457072752324001,0.14103941688633137,0.0008851888234821601,0.0016865760471665991,0.00033147733914997053,0.000687356454915917,0.0010600690387709767,0.0,False,1.0,0.09999999999999998,0.0066898201961926055,0.13230428875998915,-5.213031866261401
3,cloth,True,rope;soft_block,diagonal_hook,shifted_contact,online_adaptation,oracle_contact_theta,0.2,12,0.0015,6.775626291972336e-07,0.00012815087273510253,5.015411107869314e-07,1.8150881330997393e-07,4.982338276013323e-07,1.0047924114645692e-06,3.0849149893120665e-07,0.0,False,1.0,0.09999999999999998,0.0065794145078058855,1.1477277912116699e-07,-5.295669507831129
3,soft_block,True,rope;cloth,diagonal_hook,matched_contact,pre_intervention,nominal_physics,0.0,0,0.0015,0.0016110109005479374,0.1755644892261623,0.001692917124106476,0.003838961255674652,0.0003919494063567507,0.0014947234012884555,0.0023566845535361687,8.000000000000025,False,0.9642857142857143,0.06428571428571428,0.007256028967490912,0.487198183600809,-4.959871227774154
3,soft_block,True,rope;cloth,diagonal_hook,matched_contact,pre_intervention,latent_contact,0.0,0,0.0015,0.0028967226937685556,0.31567858416621347,0.0028612024403599444,0.005968996018993543,0.0013528431914711146,0.0030455368987468874,0.0037924780675614093,1.3492050966055942,False,0.8125,0.08750000000000002,0.006603385115953192,2.4694069872977242,-4.327847301106731
3,soft_block,True,rope;cloth,diagonal_hook,matched_contact,pre_intervention,oracle_contact,0.0,0,0.0015,0.0010707848725878114,0.11669182322915418,0.0011121218012535192,0.0025234704727162506,0.00026534407434231484,0.0010047816678022193,0.0015579297828860787,0.0,False,1.0,0.09999999999999998,0.007258713420515141,0.2006110325712141,-5.10252654895141
3,soft_block,True,rope;cloth,diagonal_hook,matched_contact,pre_intervention,oracle_contact_theta,0.0,0,0.0015,4.289731307411937e-06,0.0004674856549059359,3.4291433187261026e-06,1.897049682759345e-06,3.2079805099070025e-07,6.325398795592487e-06,3.861076833712777e-06,0.0,False,1.0,0.09999999999999998,0.006579414507805887,4.600448672447531e-06,-5.295667264993184
3,soft_block,True,rope;cloth,diagonal_hook,matched_contact,online_adaptation,nominal_physics,0.2,12,0.0015,0.0019944181935163067,0.21061624707341303,0.0023705062925273436,0.004249018502196092,0.0010486953777184128,0.0019189446682791507,0.0027161857897241965,7.999999999999981,False,0.8352272727272727,0.06477272727272732,0.006862262916682097,0.8987502600266931,-4.805285313084721
3,soft_block,True,rope;cloth,diagonal_hook,matched_contact,online_adaptation,latent_contact,0.2,12,0.0015,0.00164038380420158,0.1732292062537888,0.0019483137790496233,0.0034927402062894866,0.0008492676118327295,0.0015638039228317434,0.002250344804060052,0.1241277752787496,False,1.0,0.09999999999999998,0.007687341821840072,0.6558284232087984,-4.988469689391993
3,soft_block,True,rope;cloth,diagonal_hook,matched_contact,online_adaptation,oracle_contact,0.2,12,0.0015,0.0014887239750779903,0.15721349593503695,0.001763211522765446,0.0031610367976441294,0.0007768386672465024,0.0014209720171724995,0.002038514207298673,8.537736462515939e-07,False,1.0,0.09999999999999998,0.0068554161677381285,0.4895398595314204,-5.010787882660818
3,soft_block,True,rope;cloth,diagonal_hook,matched_contact,online_adaptation,oracle_contact_theta,0.2,12,0.0015,4.8394693078916e-06,0.0005110617556381426,4.3640507497797025e-06,1.897049682759345e-06,3.5720812726319005e-06,6.576579531148242e-06,3.6871682494061954e-06,0.0,False,1.0,0.09999999999999998,0.006579414507805886,5.855115795506203e-06,-5.295666637659622
3,soft_block,True,rope;cloth,diagonal_hook,shifted_contact,pre_intervention,nominal_physics,0.0,0,0.0015,0.003031023031441607,0.5055593809228932,0.0029487290232893004,0.004839945335921036,0.0018501819876274599,0.003737115845913183,0.003197939250778337,8.017974021493405,False,0.8169642857142857,0.08303571428571432,0.007256028967490912,1.6212945631781008,-4.392823037985508
3,soft_block,True,rope;cloth,diagonal_hook,shifted_contact,pre_intervention,latent_contact,0.0,0,0.0015,0.0012723000003649,0.21221323423159458,0.0011766845407821442,0.0009066767888030339,0.0009080443733762148,0.0018315862584580328,0.0007903601490719949,1.3671791180989592,False,1.0,0.09999999999999998,0.006603385115953192,0.43036128121705863,-5.347370154147064
3,soft_block,True,rope;cloth,diagonal_hook,shifted_contact,pre_intervention,oracle_contact,0.0,0,0.0015,0.0006913934030465207,0.11532093857172834,0.0007362621202726108,0.0017629191924643758,0.00011476657489055617,0.0005735425448634185,0.0010611593498344714,0.0,False,1.0,0.09999999999999998,0.0068130775285527995,0.1041950620285088,-5.209318739722858
3,soft_block,True,rope;cloth,diagonal_hook,shifted_contact,pre_intervention,oracle_contact_theta,0.0,0,0.0015,4.12083298537726e-07,6.873341942186099e-05,3.0518290839050066e-07,1.2051916554037442e-07,3.456650377404378e-08,6.479453796471334e-07,2.896333899848104e-07,8.537736462515939e-07,False,1.0,0.09999999999999998,0.006579414507805887,4.2453161233433166e-08,-5.29566954399094
3,soft_block,True,rope;cloth,diagonal_hook,shifted_contact,online_adaptation,nominal_physics,0.2,12,0.0015,0.002775649531406321,0.43104737154289696,0.002938237105407618,0.0032782239102777293,0.0033121062346164573,0.0026433107604867286,0.0022301351952016216,8.073561867410467,False,0.8508522727272727,0.049147727272727315,0.007111358689751324,1.6414619796117804,-4.400330015121047
3,soft_block,True,rope;cloth,diagonal_hook,shifted_contact,online_adaptation,latent_contact,0.2,12,0.0015,0.0003578074644639589,0.05556608113902415,0.00040556956824550435,0.0006397963506751316,0.0003587167924147002,0.00030550727200803036,0.00040558296098670485,0.46325216817987097,False,1.0,0.09999999999999998,0.003758898309521655,0.13075697200168107,-6.030760255886704
3,soft_block,True,rope;cloth,diagonal_hook,shifted_contact,online_adaptation,oracle_contact,0.2,12,0.0015,0.0009406135964062893,0.1460735636040534,0.0011347729271546177,0.0021407492984015578,0.0003719426648016038,0.0008780146545049662,0.0013440452551207,8.537736462515939e-07,False,1.0,0.09999999999999998,0.006676458222255638,0.21165765745499154,-5.175293062636917
3,soft_block,True,rope;cloth,diagonal_hook,shifted_contact,online_adaptation,oracle_contact_theta,0.2,12,0.0015,4.6489265152864746e-07,7.219598628127258e-05,3.883991145310453e-07,1.2051916554037442e-07,4.51833456217532e-07,5.994161236810148e-07,2.7486495194406605e-07,8.537736462515939e-07,False,1.0,0.09999999999999998,0.006579414507805886,5.403129436133412e-08,-5.295669538201872
4,rope,True,cloth;soft_block,diagonal_hook,matched_contact,pre_intervention,nominal_physics,0.0,0,0.0015,0.0035025286198695697,0.18667097723651685,0.00289228123834145,0.006368112668759688,0.0007990796342756465,0.003560127284634051,0.004910555075542296,7.999999999999981,False,0.8558673469387755,0.04413265306122449,0.00729062681644989,2.027518935433049,-4.189069964833088
4,rope,True,cloth;soft_block,diagonal_hook,matched_contact,pre_intervention,latent_contact,0.0,0,0.0015,0.006828634881342428,0.3639393377859182,0.00508521747464428,0.009353043233623905,0.0027532623058255045,0.008057647695674814,0.008278746512260826,1.348677056777901,False,0.75,0.15000000000000002,0.007342306546469615,4.043330618195001,-3.4634544304727264
4,rope,True,cloth;soft_block,diagonal_hook,matched_contact,pre_intervention,oracle_contact,0.0,0,0.0015,0.002519363308425958,0.1342721393137998,0.0021277142729356877,0.0046686722261399275,0.0005845778260904895,0.0025576590121543386,0.0035328541859411832,8.537736462515939e-07,False,0.8418367346938775,0.05816326530612248,0.0072940889836663496,0.9584884873348007,-4.722826344143938
4,rope,True,cloth;soft_block,diagonal_hook,matched_contact,pre_intervention,oracle_contact_theta,0.0,0,0.0015,0.00010808926104884784,0.005760731796536404,8.22494989444908e-05,0.0001917012491559394,1.7881856321199204e-06,0.00010502681855742354,0.00015716611409764751,0.0,False,1.0,0.09999999999999998,0.006579414507805881,0.002920822088521493,-5.294209154173258
4,rope,True,cloth;soft_block,diagonal_hook,matched_contact,online_adaptation,nominal_physics,0.2,12,0.0015,0.003967422812341148,0.21008756088446795,0.0036984836502277994,0.006435157949328014,0.002221198004779522,0.004219239166067366,0.005011016650549903,8.000000000000071,False,0.8116883116883117,0.08831168831168834,0.007369388784972524,2.68751696536993,-3.847565824645634
4,rope,True,cloth;soft_block,diagonal_hook,matched_contact,online_adaptation,latent_contact,0.2,12,0.0015,0.0032686855911798264,0.1730872194950031,0.003103385731529964,0.00537883020761998,0.0018465437125149255,0.0034711219385332288,0.0041251257454382505,0.5948172089605246,False,0.6558441558441559,0.24415584415584413,0.006008291234789775,2.961061932168716,-4.136008848262603
4,rope,True,cloth;soft_block,diagonal_hook,matched_contact,online_adaptation,oracle_contact,0.2,12,0.0015,0.0028533875069138895,0.15109587506556027,0.0027226121795045277,0.004721091092637518,0.0016058037296768672,0.003026484146058362,0.0036072042307635495,0.0,False,0.7905844155844156,0.10941558441558441,0.007411308283505349,1.2683520069966052,-4.551621781127159
4,rope,True,cloth;soft_block,diagonal_hook,matched_contact,online_adaptation,oracle_contact_theta,0.2,12,0.0015,0.00012194113202118946,0.006457167841585656,0.00010468009578721518,0.0001917012491559394,3.255222503934126e-05,0.0001387649097723198,0.0001580085740828695,0.0,False,1.0,0.09999999999999998,0.006579414507805883,0.0037174099196522893,-5.293810860257693
4,rope,True,cloth;soft_block,diagonal_hook,shifted_contact,pre_intervention,nominal_physics,0.0,0,0.0015,0.007362836665786522,0.6391560349258009,0.00574072162530661,0.008254019528865753,0.0035284011299573557,0.009641574719179846,0.007575744908610155,8.018997441132004,False,0.7257653061224489,0.17423469387755108,0.00729062681644989,9.366141046725216,-0.5197589091870038
4,rope,True,cloth;soft_block,diagonal_hook,shifted_contact,pre_intervention,latent_contact,0.0,0,0.0015,0.0026872652049739535,0.2332771798655327,0.002124604693119636,0.0025067435688477416,0.0012958407723162502,0.0037703822536973965,0.0023850617567906123,1.3676744979095532,False,0.9553571428571429,0.05535714285714288,0.007342306546469615,0.5900974608804574,-5.190071009129998
4,rope,True,cloth;soft_block,diagonal_hook,shifted_contact,pre_intervention,oracle_contact,0.0,0,0.0015,0.0015741752507913362,0.13665162725250257,0.0014126018512905507,0.0032787281308684657,0.00025795923155602835,0.0014513204987883937,0.0023271936291952245,0.0,False,0.9630102040816326,0.0630102040816326,0.006826320142956625,0.5136206269532796,-5.003222233938197
4,rope,True,cloth;soft_block,diagonal_hook,shifted_contact,pre_intervention,oracle_contact_theta,0.0,0,0.0015,1.2595614725325365e-05,0.0010934051006049315,9.975511533319916e-06,2.0148467697195484e-05,2.4556125574954817e-07,1.4611550599820002e-05,1.6375415284517845e-05,0.0,False,1.0,0.09999999999999998,0.006579414507805881,3.96623775772083e-05,-5.29564973402873
4,rope,True,cloth;soft_block,diagonal_hook,shifted_contact,online_adaptation,nominal_physics,0.2,12,0.0015,0.007592817900694606,0.6199633424976558,0.007313264380804076,0.00865116991982526,0.007587450198395852,0.008313920053141476,0.006741549600210052,8.080796131833429,False,0.5292207792207793,0.37077922077922076,0.007006408496057691,11.29488914860647,0.41173592371047907
4,rope,True,cloth;soft_block,diagonal_hook,shifted_contact,online_adaptation,latent_contact,0.2,12,0.0015,0.001432083088940347,0.11693142521864039,0.0014464621421956694,0.0026576751761428047,0.0006929962193954768,0.0014719261137827234,0.0018999205466788366,1.2481066025661847,False,0.9188311688311688,0.018831168831168754,0.0030431682037798317,2.446821671047567,-5.112061531161785
4,rope,True,cloth;soft_block,diagonal_hook,shifted_contact,online_adaptation,oracle_contact,0.2,12,0.0015,0.0018195370429734546,0.14856753865477637,0.0018428586466326304,0.003370445835303717,0.0008183143082821039,0.0018702307400010826,0.0024372180029309533,0.0,False,0.9334415584415584,0.03344155844155838,0.006836593686025858,0.7066426052396115,-4.905032774170239
4,rope,True,cloth;soft_block,diagonal_hook,shifted_contact,online_adaptation,oracle_contact_theta,0.2,12,0.0015,1.4209769822926077e-05,0.001160245973334572,1.2696037142475366e-05,2.0148467697195484e-05,5.813805530906285e-06,1.674906041430032e-05,1.7257301100460985e-05,0.0,False,1.0,0.09999999999999998,0.006579414507805882,5.047938960513515e-05,-5.2956443255227175
4,cloth,True,rope;soft_block,diagonal_hook,matched_contact,pre_intervention,nominal_physics,0.0,0,0.0015,0.0013413567971945505,0.177932178950171,0.001392497824734366,0.0032010996221641186,0.00035625999338322577,0.0012505079066219167,0.0019526932721600431,7.999999999999981,False,0.9930555555555556,0.09305555555555556,0.007223549315343731,0.3374305973376184,-5.03945054684686
4,cloth,True,rope;soft_block,diagonal_hook,matched_contact,pre_intervention,latent_contact,0.0,0,0.0015,0.0026034624906563827,0.3453516281025272,0.002431859320118986,0.005118559113061621,0.0012630881644894454,0.00288386193289431,0.0032595157515950377,1.3497866689293183,False,0.8878968253968254,0.012103174603174671,0.006512193346000041,1.9363130036851153,-4.5950391109894415
4,cloth,True,rope;soft_block,diagonal_hook,matched_contact,pre_intervention,oracle_contact,0.0,0,0.0015,0.0009083589410993176,0.12049462603590126,0.0009240947024247335,0.0021209625664639618,0.0002469174194823315,0.0008590804468198754,0.001312879214891944,0.0,False,1.0,0.09999999999999998,0.007226176826307028,0.14413626973094615,-5.135481835834681
4,cloth,True,rope;soft_block,diagonal_hook,matched_contact,pre_intervention,oracle_contact_theta,0.0,0,0.0015,6.5169894963250765e-06,0.0008644844859337694,4.43892060391095e-06,3.125220799715538e-06,2.592277292830875e-07,9.56389444013605e-06,5.959186538705699e-06,0.0,False,1.0,0.09999999999999998,0.006579414507805887,1.0617788023802848e-05,-5.295664256323507
4,cloth,True,rope;soft_block,diagonal_hook,matched_contact,online_adaptation,nominal_physics,0.2,12,0.0015,0.0013969740439392308,0.17941442116072373,0.0016555614958289533,0.002999995095523871,0.0007809978774501817,0.0013243016382192701,0.0018975852586111692,7.999999999999981,False,0.9949494949494949,0.0949494949494949,0.007082284907180098,0.41065167579231454,-5.01989107337437
4,cloth,True,rope;soft_block,diagonal_hook,matched_contact,online_adaptation,latent_contact,0.2,12,0.0015,0.0011485914889648333,0.14751446387770087,0.0013930003474917866,0.0025259900747384083,0.0005858039087018117,0.0010802676398501637,0.001590044475515015,0.038247678925024835,False,1.0,0.09999999999999998,0.007699410607304859,0.33611897512447697,-5.1619211788047785
4,cloth,True,rope;soft_block,diagonal_hook,matched_contact,online_adaptation,oracle_contact,0.2,12,0.0015,0.0007916217017102451,0.10166856714825909,0.00094056849190196,0.0017055700334470195,0.000431476331552331,0.000757052520237792,0.001075166142406961,1.2074182697257333e-06,False,1.0,0.09999999999999998,0.007091800081550852,0.12445475263763447,-5.161495776306129
4,cloth,True,rope;soft_block,diagonal_hook,matched_contact,online_adaptation,oracle_contact_theta,0.2,12,0.0015,7.3521556164542905e-06,0.0009442428439759125,5.6493283479995386e-06,3.125220799715538e-06,3.756906004502512e-06,1.1258515999095199e-05,4.35362393175757e-06,0.0,False,1.0,0.09999999999999998,0.0065794145078058855,1.3513548052140089e-05,-5.295662808443492
4,cloth,True,rope;soft_block,diagonal_hook,shifted_contact,pre_intervention,nominal_physics,0.0,0,0.0015,0.0027233853683047526,0.552253429688141,0.0025142828559721786,0.00399792386070619,0.001697858019044693,0.0035114364239539164,0.0026488688966216315,8.016814058983611,False,0.8859126984126984,0.014087301587301648,0.007223549315343731,1.2209121454528717,-4.5977097727892335
4,cloth,True,rope;soft_block,diagonal_hook,shifted_contact,pre_intervention,latent_contact,0.0,0,0.0015,0.001182192191458406,0.23972725266194742,0.0010189091066728966,0.0007704059049161798,0.0008204363315633978,0.0017565692408638529,0.0006168925249752752,1.3666007279129264,False,1.0,0.09999999999999998,0.006512193346000041,0.353312213819489,-5.386539505922255
4,cloth,True,rope;soft_block,diagonal_hook,shifted_contact,pre_intervention,oracle_contact,0.0,0,0.0015,0.0005835980636604007,0.11834316067301016,0.0006112255025303623,0.0014781594029107724,0.00010858910796507056,0.0004971114284836357,0.0008867399477111323,0.0,False,1.0,0.09999999999999998,0.0068121340650346895,0.07395697357565789,-5.224614670716366
4,cloth,True,rope;soft_block,diagonal_hook,shifted_contact,pre_intervention,oracle_contact_theta,0.0,0,0.0015,6.005950810701208e-07,0.00012178984922037135,3.940760729297027e-07,1.8150881330997393e-07,2.8604265273671843e-08,9.690627477110058e-07,3.6070100205071554e-07,0.0,False,1.0,0.09999999999999998,0.0065794145078058855,9.017861285140624e-08,-5.295669520128214
4,cloth,True,rope;soft_block,diagonal_hook,shifted_contact,online_adaptation,nominal_physics,0.2,12,0.0015,0.002243565334668189,0.4243369443450479,0.002091043292296517,0.0019944953468485375,0.0029756353837160827,0.0020839685051123337,0.0012960874660145729,8.070574138557326,False,0.9154040404040404,0.01540404040404042,0.00686785106434199,1.078837272863949,-4.714524801554233
4,cloth,True,rope;soft_block,diagonal_hook,shifted_contact,online_adaptation,latent_contact,0.2,12,0.0015,0.00019157556413937221,0.03623366266269338,0.0002456450574052924,0.00030789433136322496,0.00016454008095536437,0.0001915814022593616,0.0002168277096035839,0.4394402190768871,False,1.0,0.09999999999999998,0.0009487689059449964,0.6210039630187173,-7.116638713111871
4,cloth,True,rope;soft_block,diagonal_hook,shifted_contact,online_adaptation,oracle_contact,0.2,12,0.0015,0.0006870932700449799,0.1299534514041926,0.0008256771702424826,0.0015732134071531308,0.0002831790649823458,0.0006364646542193698,0.0009817299065893001,0.0,False,1.0,0.09999999999999998,0.00671786419999479,0.11045643039952371,-5.219835998035219
4,cloth,True,rope;soft_block,diagonal_hook,shifted_contact,online_adaptation,oracle_contact_theta,0.2,12,0.0015,6.775626291972336e-07,0.00012815087273510253,5.015411107869314e-07,1.8150881330997393e-07,4.982338276013323e-07,1.0047924114645692e-06,3.0849149893120665e-07,0.0,False,1.0,0.09999999999999998,0.0065794145078058855,1.1477277912116699e-07,-5.295669507831129
4,soft_block,True,rope;cloth,diagonal_hook,matched_contact,pre_intervention,nominal_physics,0.0,0,0.0015,0.001692973493510155,0.18449659562231974,0.0017841959620328758,0.004049676666550331,0.0004090891690236723,0.001560201576895773,0.002484114448945949,7.999999999999981,False,0.9497767857142857,0.049776785714285676,0.007237727012753055,0.5403405972606883,-4.935597240335649
4,soft_block,True,rope;cloth,diagonal_hook,matched_contact,pre_intervention,latent_contact,0.0,0,0.0015,0.0030312503503147925,0.33033911768606716,0.0030156491641224925,0.006350718452317855,0.0013673237765511029,0.003151243636184131,0.0040163312578226085,1.349205096605054,False,0.7142857142857143,0.18571428571428572,0.006486070915675671,2.8799656072175672,-4.1365676237025655
4,soft_block,True,rope;cloth,diagonal_hook,matched_contact,pre_intervention,oracle_contact,0.0,0,0.0015,0.0012007610440142454,0.13085634572884225,0.0012594641603673417,0.0028578985858423037,0.0002922214105086049,0.001108430477799849,0.001760304561549452,0.0,False,1.0,0.09999999999999998,0.007240302333132434,0.2531553691717144,-5.0785747491798565
4,soft_block,True,rope;cloth,diagonal_hook,matched_contact,pre_intervention,oracle_contact_theta,0.0,0,0.0015,4.289731307411937e-06,0.0004674856549059359,3.4291433187261026e-06,1.897049682759345e-06,3.2079805099070025e-07,6.325398795592487e-06,3.861076833712777e-06,0.0,False,1.0,0.09999999999999998,0.006579414507805887,4.600448672447531e-06,-5.295667264993184
4,soft_block,True,rope;cloth,diagonal_hook,matched_contact,online_adaptation,nominal_physics,0.2,12,0.0015,0.0019310780337574954,0.20392734562796894,0.0022869672434500253,0.004100924206483545,0.0010307196794114217,0.001866961729442647,0.0026167019459798937,7.999999999999935,False,0.8536931818181818,0.046306818181818254,0.006958339442100684,0.8160238448693757,-4.83312527019792
4,soft_block,True,rope;cloth,diagonal_hook,matched_contact,online_adaptation,latent_contact,0.2,12,0.0015,0.0015628243540505358,0.1650387072054974,0.0018556543256895623,0.0033267816501629825,0.0008123155654953896,0.0014914576806805298,0.0021414604402951484,0.03672181985203859,False,1.0,0.09999999999999998,0.0071901176179634966,0.6527283352121446,-5.01761902457238
4,soft_block,True,rope;cloth,diagonal_hook,matched_contact,online_adaptation,oracle_contact,0.2,12,0.0015,0.0013691088260034652,0.14458179518486158,0.0016085548860697114,0.0028836902091708702,0.0007407747767401367,0.0013208498514644474,0.001853092415548072,0.0,False,1.0,0.09999999999999998,0.006978273048630049,0.39226510136474757,-5.0421278921431405
4,soft_block,True,rope;cloth,diagonal_hook,matched_contact,online_adaptation,oracle_contact_theta,0.2,12,0.0015,4.8394693078916e-06,0.0005110617556381426,4.3640507497797025e-06,1.897049682759345e-06,3.5720812726319005e-06,6.576579531148242e-06,3.6871682494061954e-06,0.0,False,1.0,0.09999999999999998,0.006579414507805886,5.855115795506203e-06,-5.295666637659622
4,soft_block,True,rope;cloth,diagonal_hook,shifted_contact,pre_intervention,nominal_physics,0.0,0,0.0015,0.002939836193912327,0.4903498755343138,0.002847376605921379,0.004551368668277062,0.0018283159654684039,0.003670807853743898,0.0030226353625499194,8.017974021493357,False,0.8258928571428571,0.07410714285714293,0.007237727012753055,1.5398547268996658,-4.4358401755161605
4,soft_block,True,rope;cloth,diagonal_hook,shifted_contact,pre_intervention,latent_contact,0.0,0,0.0015,0.001224653922272501,0.20426610829624975,0.0011169186687607251,0.0007922533724849257,0.0008985519970786725,0.001784056046948833,0.0006738258557928336,1.3671791180986923,False,1.0,0.09999999999999998,0.006486070915675671,0.4124575503120625,-5.370321652155318
4,soft_block,True,rope;cloth,diagonal_hook,shifted_contact,pre_intervention,oracle_contact,0.0,0,0.0015,0.0007799798846631219,0.13009671768645362,0.0008338383078905219,0.0019965595645433016,0.00012582912172029253,0.0006420311842667548,0.001200368914759955,0.0,False,1.0,0.09999999999999998,0.006804312089146463,0.1331326744458054,-5.1960915682949125
4,soft_block,True,rope;cloth,diagonal_hook,shifted_contact,pre_intervention,oracle_contact_theta,0.0,0,0.0015,4.12083298537726e-07,6.873341942186099e-05,3.0518290839050066e-07,1.2051916554037442e-07,3.456650377404378e-08,6.479453796471334e-07,2.896333899848104e-07,8.537736462515939e-07,False,1.0,0.09999999999999998,0.006579414507805887,4.2453161233433166e-08,-5.29566954399094
4,soft_block,True,rope;cloth,diagonal_hook,shifted_contact,online_adaptation,nominal_physics,0.2,12,0.0015,0.0025181544970993407,0.3910594132407059,0.0026419521873702017,0.002331369588892673,0.0031389615374123815,0.002431171716428576,0.0017434235493452711,8.073561867410648,False,0.8835227272727273,0.01647727272727273,0.007013380479267862,1.4005421141523067,-4.533672617137175
4,soft_block,True,rope;cloth,diagonal_hook,shifted_contact,online_adaptation,latent_contact,0.2,12,0.0015,0.00038090611117197806,0.05915320942630651,0.00043958376709020907,0.000865297429324767,0.0003145628868347129,0.0002858504174534808,0.0005122800865637891,0.1176288271462276,False,1.0,0.09999999999999998,0.0015198708277872669,0.9016547316464457,-6.533977049163411
4,soft_block,True,rope;cloth,diagonal_hook,shifted_contact,online_adaptation,oracle_contact,0.2,12,0.0015,0.00098455911761169,0.15289812887871657,0.0011882026124954209,0.0022415448339459616,0.0003884248788118643,0.0009188783765097389,0.001407214130008138,0.0,False,1.0,0.09999999999999998,0.00664359259324862,0.23583902080172825,-5.168108168248546
4,soft_block,True,rope;cloth,diagonal_hook,shifted_contact,online_adaptation,oracle_contact_theta,0.2,12,0.0015,4.6489265152864746e-07,7.219598628127258e-05,3.883991145310453e-07,1.2051916554037442e-07,4.51833456217532e-07,5.994161236810148e-07,2.7486495194406605e-07,8.537736462515939e-07,False,1.0,0.09999999999999998,0.006579414507805886,5.403129436133412e-08,-5.295669538201872
