seed,object,action,world_condition,method,trajectory_rmse_m,relative_intervention_rmse,ade_m,fde_m,early_rmse_m,middle_rmse_m,late_rmse_m,direction_error_deg,gross_failure,coverage,coverage_error,mean_interval_width_m,nees,gaussian_nll
0,rope,diagonal_hook,matched_contact,generative_only,0.026793904966964033,1.4280095802191601,0.025461585071483123,0.05986364576617686,0.00499044291797953,0.024265829652363645,0.039820557263344575,92.41325618149845,True,0.9655612244897959,0.06556122448979584,0.07886633582062669,0.6072006408170496,-2.633153505647756
0,rope,diagonal_hook,matched_contact,physics_only,0.0035235665224100663,0.1877922145631621,0.002920892115541309,0.0064347742831703525,0.0008046279960276738,0.0035804692962237037,0.004940718755903677,7.999999999999981,False,0.8520408163265306,0.04795918367346941,0.007227446865976768,2.093691783738147,-4.163584324098649
0,rope,diagonal_hook,matched_contact,hybrid,0.0035235665224100663,0.1877922145631621,0.002920892115541309,0.0064347742831703525,0.0008046279960276738,0.0035804692962237037,0.004940718755903677,7.999999999999981,False,0.8520408163265306,0.04795918367346941,0.007227446865976768,2.093691783738147,-4.163584324098649
0,rope,diagonal_hook,shifted_contact,generative_only,0.020796722545552378,1.8053301091729888,0.020649024967048034,0.05070802351080315,0.0026880125075708595,0.01654040273189616,0.03239067861621879,92.43225362263045,True,0.9974489795918368,0.09744897959183674,0.07886633582062669,0.35442839152149974,-2.7595396302955315
0,rope,diagonal_hook,shifted_contact,physics_only,0.00735679440545757,0.6386315160033877,0.005747520543966859,0.008272039632052672,0.0035226786752462626,0.009636368823425638,0.0075672805400812315,8.018997441131912,False,0.7168367346938775,0.18316326530612248,0.007227446865976768,9.522209166379987,-0.4493256327777289
0,rope,diagonal_hook,shifted_contact,hybrid,0.00735679440545757,0.6386315160033877,0.005747520543966859,0.008272039632052672,0.0035226786752462626,0.009636368823425638,0.0075672805400812315,8.018997441131912,False,0.7168367346938775,0.18316326530612248,0.007227446865976768,9.522209166379987,-0.4493256327777289
0,cloth,diagonal_hook,matched_contact,generative_only,0.01035123431529955,1.3731004907845505,0.01111606694093122,0.026809677364699372,0.00242901485178163,0.0089212284367681,0.015592039874672555,88.59178282838546,False,0.9930555555555556,0.09305555555555556,0.054653670243738836,0.3242615947461076,-3.0411322573980644
0,cloth,diagonal_hook,matched_contact,physics_only,0.0013340151888817683,0.17695830804063808,0.0013831383768001463,0.0031793631899726515,0.00035432199256835823,0.0012504240614308905,0.001937415540879292,8.000000000000071,False,0.9930555555555556,0.09305555555555556,0.0072214066113190055,0.3332293415919815,-5.041778938963246
0,cloth,diagonal_hook,matched_contact,hybrid,0.0013340151888817683,0.17695830804063808,0.0013831383768001463,0.0031793631899726515,0.00035432199256835823,0.0012504240614308905,0.001937415540879292,8.000000000000071,False,0.9930555555555556,0.09305555555555556,0.0072214066113190055,0.3332293415919815,-5.041778938963246
0,cloth,diagonal_hook,shifted_contact,generative_only,0.008494956425829566,1.7226239355673572,0.00907432014787938,0.023476687615726397,0.0014496400424990586,0.006344142451294915,0.013409278602872072,88.60859688736902,False,1.0,0.09999999999999998,0.054653670243738836,0.21315622165047593,-3.0966849439458803
0,cloth,diagonal_hook,shifted_contact,physics_only,0.002729782973888941,0.5535507487039434,0.002527258893508401,0.004028434750385071,0.001700383291933095,0.00350630279670825,0.002674698887951938,8.016814058983565,False,0.8849206349206349,0.015079365079365137,0.0072214066113190055,1.2287229752300182,-4.594032122144226
0,cloth,diagonal_hook,shifted_contact,hybrid,0.002729782973888941,0.5535507487039434,0.002527258893508401,0.004028434750385071,0.001700383291933095,0.00350630279670825,0.002674698887951938,8.016814058983565,False,0.8849206349206349,0.015079365079365137,0.0072214066113190055,1.2287229752300182,-4.594032122144226
0,soft_block,diagonal_hook,matched_contact,generative_only,0.011883405732771893,1.2950278964790072,0.013031509806276792,0.029987616787650488,0.0026528559062024308,0.010514641388834178,0.01775410335894142,94.75514082315739,False,0.9888392857142857,0.08883928571428568,0.05758086657041301,0.39468875966771005,-2.96426806577891
0,soft_block,diagonal_hook,matched_contact,physics_only,0.0016574980066397806,0.1806305536667201,0.001748966616041291,0.003970656280437498,0.00039931447428679935,0.0015229223117347488,0.0024353032668859493,7.999999999999935,False,0.9575892857142857,0.057589285714285676,0.0072511452800303276,0.5148927916843761,-4.946687051028517
0,soft_block,diagonal_hook,matched_contact,hybrid,0.001599772563614053,0.1743397595344651,0.0017662726941373025,0.0037287089395416943,0.00043306181777646335,0.0015194106833161878,0.0023081061309020157,8.208791962534352,False,1.0,0.09999999999999998,0.016099609501400877,0.09040797079321443,-4.380169643296168
0,soft_block,diagonal_hook,shifted_contact,generative_only,0.00927499288361965,1.5470221148655516,0.010176699431638252,0.025182975147065082,0.0016046202511432984,0.0071949912352074295,0.014500797319132723,94.77311484465076,False,0.9988839285714286,0.09888392857142858,0.05758086657041301,0.22854370338587462,-3.0473405939198273
0,soft_block,diagonal_hook,shifted_contact,physics_only,0.002987856139784856,0.4983593607330192,0.0028951539949487854,0.004653833558128868,0.001842001362221727,0.0037250067623157647,0.0030896213173033115,8.017974021493313,False,0.8225446428571429,0.07745535714285712,0.0072511452800303276,1.5823340237130619,-4.412966435014174
0,soft_block,diagonal_hook,shifted_contact,hybrid,0.003111489308654089,0.5189807508269563,0.0031015873912044307,0.005311622347892973,0.0018848390876216499,0.0037539697270495232,0.0033903723602599586,8.226765984027812,False,0.9709821428571429,0.07098214285714288,0.016099609501400877,0.414078624545327,-4.218334316420111
1,rope,diagonal_hook,matched_contact,generative_only,0.026763580349137703,1.426393397552771,0.02542125322619887,0.060578758011947405,0.005070072369529268,0.024315494538698145,0.0397143745264477,94.19144352119078,True,0.9528061224489796,0.05280612244897953,0.07803278624231041,0.6141704809534996,-2.6469671850469805
1,rope,diagonal_hook,matched_contact,physics_only,0.003536392072293107,0.18847576584570724,0.0029252263162619103,0.006435535681398608,0.0008058544243666708,0.0035953103897779894,0.0049576111680958755,7.999999999999935,False,0.8520408163265306,0.04795918367346941,0.007183536149841723,2.1512570533891795,-4.13988187277388
1,rope,diagonal_hook,matched_contact,hybrid,0.003536392072293107,0.18847576584570724,0.0029252263162619103,0.006435535681398608,0.0008058544243666708,0.0035953103897779894,0.0049576111680958755,7.999999999999935,False,0.8520408163265306,0.04795918367346941,0.007183536149841723,2.1512570533891795,-4.13988187277388
1,rope,diagonal_hook,shifted_contact,generative_only,0.020749632422321272,1.801242291146491,0.020586661140312077,0.051410064316309796,0.0026035418778042226,0.01656802896199599,0.03228894159782162,94.21044096232278,True,0.9961734693877551,0.09617346938775506,0.07803278624231041,0.36308247176465186,-2.772511189641404
1,rope,diagonal_hook,shifted_contact,physics_only,0.007326054038672257,0.635962994095525,0.005723725394979506,0.008206546555448,0.003522250929798984,0.009600680455821482,0.007522458137783137,8.018997441131868,False,0.7181122448979592,0.1818877551020408,0.007183536149841723,9.577302043228276,-0.4268593778543319
1,rope,diagonal_hook,shifted_contact,hybrid,0.007326054038672257,0.635962994095525,0.005723725394979506,0.008206546555448,0.003522250929798984,0.009600680455821482,0.007522458137783137,8.018997441131868,False,0.7181122448979592,0.1818877551020408,0.007183536149841723,9.577302043228276,-0.4268593778543319
1,cloth,diagonal_hook,matched_contact,generative_only,0.010406017319068102,1.3803675052361575,0.011168048547637713,0.027625733757513617,0.0025025559957389453,0.008945170524350203,0.015678493087129465,87.9912201096314,False,0.9861111111111112,0.08611111111111114,0.05391887599575824,0.3585681570340921,-3.0388480791082517
1,cloth,diagonal_hook,matched_contact,physics_only,0.0013590345834244527,0.18027715310580247,0.0014159638613345223,0.003253738934898392,0.00035860618267744644,0.0012568993847207612,0.0019856583745433342,7.999999999999935,False,0.9940476190476191,0.09404761904761905,0.007225428538319778,0.3470003650886441,-5.034491775222936
1,cloth,diagonal_hook,matched_contact,hybrid,0.0013590345834244527,0.18027715310580247,0.0014159638613345223,0.003253738934898392,0.00035860618267744644,0.0012568993847207612,0.0019856583745433342,7.999999999999935,False,0.9940476190476191,0.09404761904761905,0.007225428538319778,0.3470003650886441,-5.034491775222936
1,cloth,diagonal_hook,shifted_contact,generative_only,0.008542629410957268,1.7322911570508277,0.009112977797111519,0.02441856988747472,0.0014323343554814643,0.006349762750781135,0.013502334491405582,88.00803416861497,False,0.998015873015873,0.098015873015873,0.05391887599575824,0.23277257182574446,-3.1017458717124256
1,cloth,diagonal_hook,shifted_contact,physics_only,0.0027116572494041012,0.5498751787207772,0.002489762752889648,0.0039290078445020716,0.0016956997159430945,0.0035170481007886162,0.0026046677076769303,8.016814058983565,False,0.8878968253968254,0.012103174603174671,0.007225428538319778,1.2064562161416823,-4.604763849696416
1,cloth,diagonal_hook,shifted_contact,hybrid,0.0027116572494041012,0.5498751787207772,0.002489762752889648,0.0039290078445020716,0.0016956997159430945,0.0035170481007886162,0.0026046677076769303,8.016814058983565,False,0.8878968253968254,0.012103174603174671,0.007225428538319778,1.2064562161416823,-4.604763849696416
1,soft_block,diagonal_hook,matched_contact,generative_only,0.011820533156360795,1.2881761788648105,0.012967145109473931,0.02938947564274604,0.0027059915358744976,0.010442498928238564,0.017659754815404625,96.14467907396218,False,0.9888392857142857,0.08883928571428568,0.057581949101076536,0.3927881377181879,-2.966617957433255
1,soft_block,diagonal_hook,matched_contact,physics_only,0.0015936115947404958,0.1736683504502333,0.0016731942731691954,0.0037920931513911525,0.00038821283080786817,0.0014818656658663126,0.002328941309480045,7.999999999999889,False,0.9665178571428571,0.06651785714285707,0.007258498916477728,0.476570813365143,-4.964873011044033
1,soft_block,diagonal_hook,matched_contact,hybrid,0.0015936115947404958,0.1736683504502333,0.0016731942731691954,0.0037920931513911525,0.00038821283080786817,0.0014818656658663126,0.002328941309480045,7.999999999999889,False,0.9665178571428571,0.06651785714285707,0.007258498916477728,0.476570813365143,-4.964873011044033
1,soft_block,diagonal_hook,shifted_contact,generative_only,0.009223612794503561,1.5384521746916102,0.010138156469464381,0.024544563428231476,0.001700697712251032,0.007123631869688907,0.014424266352037349,96.16265309545555,False,0.9966517857142857,0.09665178571428568,0.057581949101076536,0.23069688306419578,-3.0476635847602513
1,soft_block,diagonal_hook,shifted_contact,physics_only,0.003051704762845016,0.5090089895917352,0.002972244447279133,0.0049093878840983825,0.0018551550633596763,0.003749772628502899,0.0032401732062669153,8.017974021493313,False,0.8180803571428571,0.08191964285714293,0.007258498916477728,1.6402507510882829,-4.383033042182463
1,soft_block,diagonal_hook,shifted_contact,hybrid,0.003051704762845016,0.5090089895917352,0.002972244447279133,0.0049093878840983825,0.0018551550633596763,0.003749772628502899,0.0032401732062669153,8.017974021493313,False,0.8180803571428571,0.08191964285714293,0.007258498916477728,1.6402507510882829,-4.383033042182463
2,rope,diagonal_hook,matched_contact,generative_only,0.02679641205118482,1.428143197931476,0.025449575884464923,0.06065847424564487,0.00499555932288504,0.024329963382460643,0.039783804104238055,93.80772589917558,True,0.9617346938775511,0.06173469387755104,0.0782470527464932,0.6067601784618069,-2.6431875336689092
2,rope,diagonal_hook,matched_contact,physics_only,0.0035244153903036,0.18783745587777456,0.002917629643285787,0.006427012419517865,0.0008049038481967753,0.0035818877177291584,0.004941469689795057,8.000000000000025,False,0.8520408163265306,0.04795918367346941,0.007231920496678161,2.0926548121280506,-4.163541834757229
2,rope,diagonal_hook,matched_contact,hybrid,0.0035244153903036,0.18783745587777456,0.002917629643285787,0.006427012419517865,0.0008049038481967753,0.0035818877177291584,0.004941469689795057,8.000000000000025,False,0.8520408163265306,0.04795918367346941,0.007231920496678161,2.0926548121280506,-4.163541834757229
2,rope,diagonal_hook,shifted_contact,generative_only,0.020807363942454738,1.8062538717605507,0.020633005535942734,0.051535877751438655,0.00258389265026878,0.016625359850965273,0.032374969189559816,93.82672334030757,True,0.9948979591836735,0.0948979591836735,0.0782470527464932,0.36189149708862894,-2.7656218743554977
2,rope,diagonal_hook,shifted_contact,physics_only,0.007349550449244259,0.6380026797897596,0.005739080508793847,0.00825445590478286,0.003521556964290777,0.00962817729310883,0.0075569316001561585,8.018997441132004,False,0.7168367346938775,0.18316326530612248,0.007231920496678161,9.493076914264783,-0.46333078368886255
2,rope,diagonal_hook,shifted_contact,hybrid,0.007349550449244259,0.6380026797897596,0.005739080508793847,0.00825445590478286,0.003521556964290777,0.00962817729310883,0.0075569316001561585,8.018997441132004,False,0.7168367346938775,0.18316326530612248,0.007231920496678161,9.493076914264783,-0.46333078368886255
2,cloth,diagonal_hook,matched_contact,generative_only,0.010445040378013665,1.38554394891021,0.011215095087252033,0.027049446481720335,0.0024705490837797234,0.008955826338894446,0.015757957972505694,90.64652482276078,False,0.9851190476190477,0.08511904761904765,0.054314517945295064,0.3579232407081574,-3.0344297845451056
2,cloth,diagonal_hook,matched_contact,physics_only,0.001323966311954502,0.17562531552782548,0.0013828834556379585,0.003175591312377094,0.0003482573537324065,0.0012140955722345402,0.0019415164021204126,7.999999999999889,False,1.0,0.09999999999999998,0.007235058500897559,0.32919317357909905,-5.042273767387598
2,cloth,diagonal_hook,matched_contact,hybrid,0.001323966311954502,0.17562531552782548,0.0013828834556379585,0.003175591312377094,0.0003482573537324065,0.0012140955722345402,0.0019415164021204126,7.999999999999889,False,1.0,0.09999999999999998,0.007235058500897559,0.32919317357909905,-5.042273767387598
2,cloth,diagonal_hook,shifted_contact,generative_only,0.008576186127619389,1.7390958539113623,0.00916707098188403,0.023664827548448397,0.0014298269131580318,0.006364214486201101,0.013561483953176391,90.66333888174435,False,0.998015873015873,0.098015873015873,0.054314517945295064,0.23393956005204322,-3.096421624873163
2,cloth,diagonal_hook,shifted_contact,physics_only,0.002762681908056347,0.5602220591392874,0.0025332781738678224,0.004038752526383944,0.0017104700114681957,0.003583602482423166,0.0026648395863190528,8.016814058983428,False,0.8849206349206349,0.015079365079365137,0.007235058500897559,1.2442740184853318,-4.584733344934482
2,cloth,diagonal_hook,shifted_contact,hybrid,0.002762681908056347,0.5602220591392874,0.0025332781738678224,0.004038752526383944,0.0017104700114681957,0.003583602482423166,0.0026648395863190528,8.016814058983428,False,0.8849206349206349,0.015079365079365137,0.007235058500897559,1.2442740184853318,-4.584733344934482
2,soft_block,diagonal_hook,matched_contact,generative_only,0.011894474200505623,1.2962341141920763,0.013058939609188412,0.030182471722936602,0.00280429317164447,0.010547182883793414,0.01773220784618587,94.80894418136874,False,0.984375,0.08437499999999998,0.05699888229471707,0.41757289860769164,-2.9626229741251464
2,soft_block,diagonal_hook,matched_contact,physics_only,0.0015858531434995952,0.17282285118711127,0.0016730477068017887,0.003798100459936931,0.00038200034017159436,0.001459168288894154,0.002328677021221349,8.000000000000071,False,0.9754464285714286,0.07544642857142858,0.0072668342551278145,0.4691069772583783,-4.967604597808714
2,soft_block,diagonal_hook,matched_contact,hybrid,0.001536733433599293,0.16746989126818662,0.001696662560931362,0.00359575315876391,0.00047162958267366186,0.0014751324562030732,0.002194389637580961,8.322700414412592,False,1.0,0.09999999999999998,0.015975044601661822,0.08841372168454839,-4.3884974936016965
2,soft_block,diagonal_hook,shifted_contact,generative_only,0.009288413034231651,1.5492605284192975,0.010220955191934541,0.025390221278737246,0.0016707860562033897,0.007274543352668787,0.014477720241839341,94.82691820286212,False,0.9966517857142857,0.09665178571428568,0.05699888229471707,0.24471425370824804,-3.0490522965748683
2,soft_block,diagonal_hook,shifted_contact,physics_only,0.0030781144782353457,0.5134139971501023,0.0029900242642484495,0.004898357663197626,0.0018664646160365867,0.0038054495008315336,0.0032425177481157307,8.017974021493494,False,0.8125,0.08750000000000002,0.0072668342551278145,1.6644988057220758,-4.369908683576865
2,soft_block,diagonal_hook,shifted_contact,hybrid,0.0032091732734264517,0.5352739443276737,0.0032061188873302314,0.005558870536113647,0.0018823144239911815,0.003862095475863694,0.0035434879355060985,8.340674435905964,False,0.9665178571428571,0.06651785714285707,0.015975044601661822,0.4221584678840155,-4.2216251205019635
3,rope,diagonal_hook,matched_contact,generative_only,0.026751771103699144,1.425764011293388,0.025443458631045607,0.060182383887099226,0.0049466143740803424,0.024299762767703438,0.03971621875536068,93.32236732964206,True,0.9604591836734694,0.06045918367346936,0.0784314711630394,0.6178182503132915,-2.6363838827190134
3,rope,diagonal_hook,matched_contact,physics_only,0.003507458787864167,0.18693373576824468,0.0028895412730943,0.006358892906145179,0.0007997749503355066,0.003566265487135808,0.004916678304490119,8.000000000000025,False,0.8558673469387755,0.04413265306122449,0.0072855942962188865,2.0419278808206984,-4.182351323233965
3,rope,diagonal_hook,matched_contact,hybrid,0.003507458787864167,0.18693373576824468,0.0028895412730943,0.006358892906145179,0.0007997749503355066,0.003566265487135808,0.004916678304490119,8.000000000000025,False,0.8558673469387755,0.04413265306122449,0.0072855942962188865,2.0419278808206984,-4.182351323233965
3,rope,diagonal_hook,shifted_contact,generative_only,0.020765456534410105,1.8026159569220632,0.020630916625108082,0.05096505098093007,0.0025602099543898687,0.01661044436032086,0.03230124280746197,93.34136477077406,True,0.9936224489795918,0.09362244897959182,0.0784314711630394,0.36174615792038334,-2.7644199289154674
3,rope,diagonal_hook,shifted_contact,physics_only,0.007345210052805168,0.6376258969404391,0.005723455862788325,0.008213606451449862,0.0035268694765654323,0.00962140051438948,0.007550295186330455,8.01899744113205,False,0.7257653061224489,0.17423469387755108,0.0072855942962188865,9.34121263835932,-0.5327089444646546
3,rope,diagonal_hook,shifted_contact,hybrid,0.007345210052805168,0.6376258969404391,0.005723455862788325,0.008213606451449862,0.0035268694765654323,0.00962140051438948,0.007550295186330455,8.01899744113205,False,0.7257653061224489,0.17423469387755108,0.0072855942962188865,9.34121263835932,-0.5327089444646546
3,cloth,diagonal_hook,matched_contact,generative_only,0.010395013753005439,1.3789078723555945,0.011169735834946234,0.028085354993277665,0.0025503129901214053,0.008887531288419211,0.015682260936689667,92.20450651644353,False,0.9920634920634921,0.09206349206349207,0.05405077745459256,0.33724970301392815,-3.0486671015054774
3,cloth,diagonal_hook,matched_contact,physics_only,0.0013663133608128322,0.18124268943701305,0.0014239701025863542,0.003271053246671481,0.00036092333482657405,0.0012582518170445444,0.001999801111093444,8.000000000000025,False,0.9940476190476191,0.09404761904761905,0.007225987455567132,0.35132879373233605,-5.032284787500727
3,cloth,diagonal_hook,matched_contact,hybrid,0.0013663133608128322,0.18124268943701305,0.0014239701025863542,0.003271053246671481,0.00036092333482657405,0.0012582518170445444,0.001999801111093444,8.000000000000025,False,0.9940476190476191,0.09404761904761905,0.007225987455567132,0.35132879373233605,-5.032284787500727
3,cloth,diagonal_hook,shifted_contact,generative_only,0.008526357713228249,1.728991550251775,0.00911395969612291,0.02464365502819493,0.0014837012218534458,0.006290852645309807,0.013493586373051496,92.2213205754271,False,0.998015873015873,0.098015873015873,0.05405077745459256,0.2198612010761442,-3.107361352474369
3,cloth,diagonal_hook,shifted_contact,physics_only,0.0027055125897584103,0.5486291525787952,0.0024785499605748493,0.0039051959522122784,0.0016924552983950767,0.0035207073047526017,0.0025816962179698462,8.016814058983611,False,0.8908730158730159,0.009126984126984095,0.007225987455567132,1.200206005807256,-4.607846181463268
3,cloth,diagonal_hook,shifted_contact,hybrid,0.0027055125897584103,0.5486291525787952,0.0024785499605748493,0.0039051959522122784,0.0016924552983950767,0.0035207073047526017,0.0025816962179698462,8.016814058983611,False,0.8908730158730159,0.009126984126984095,0.007225987455567132,1.200206005807256,-4.607846181463268
3,soft_block,diagonal_hook,matched_contact,generative_only,0.01189380572508906,1.2961612651846433,0.013030146686296215,0.030318140857197348,0.0026777563785046143,0.010526397502371918,0.017764467297661485,95.66472190338656,False,0.9866071428571429,0.08660714285714288,0.05733988189079304,0.39351563056988015,-2.9678542267226513
3,soft_block,diagonal_hook,matched_contact,physics_only,0.0016110109005479374,0.1755644892261623,0.001692917124106476,0.003838961255674652,0.0003919494063567507,0.0014947234012884555,0.0023566845535361687,8.000000000000025,False,0.9642857142857143,0.06428571428571428,0.007256028967490912,0.487198183600809,-4.959871227774154
3,soft_block,diagonal_hook,matched_contact,hybrid,0.0016110109005479374,0.1755644892261623,0.001692917124106476,0.003838961255674652,0.0003919494063567507,0.0014947234012884555,0.0023566845535361687,8.000000000000025,False,0.9642857142857143,0.06428571428571428,0.007256028967490912,0.487198183600809,-4.959871227774154
3,soft_block,diagonal_hook,shifted_contact,generative_only,0.00928791828724197,1.5491780071123917,0.010189433651979685,0.025478592659607616,0.0015605971136791908,0.007227877651695424,0.014514337675600012,95.68269592487994,False,0.9988839285714286,0.09888392857142858,0.05733988189079304,0.23160297234573954,-3.0488105558347214
3,soft_block,diagonal_hook,shifted_contact,physics_only,0.003031023031441607,0.5055593809228932,0.0029487290232893004,0.004839945335921036,0.0018501819876274599,0.003737115845913183,0.003197939250778337,8.017974021493405,False,0.8169642857142857,0.08303571428571432,0.007256028967490912,1.6212945631781008,-4.392823037985508
3,soft_block,diagonal_hook,shifted_contact,hybrid,0.003031023031441607,0.5055593809228932,0.0029487290232893004,0.004839945335921036,0.0018501819876274599,0.003737115845913183,0.003197939250778337,8.017974021493405,False,0.8169642857142857,0.08303571428571432,0.007256028967490912,1.6212945631781008,-4.392823037985508
4,rope,diagonal_hook,matched_contact,generative_only,0.026765275417921217,1.4264837380412132,0.025435273265262296,0.0599292676236887,0.0049424609356784385,0.024279960408253358,0.039757832677646925,93.98700724284437,True,0.9591836734693877,0.05918367346938769,0.07845365734917753,0.6071625126863954,-2.644568504846798
4,rope,diagonal_hook,matched_contact,physics_only,0.0035025286198695697,0.18667097723651685,0.00289228123834145,0.006368112668759688,0.0007990796342756465,0.003560127284634051,0.004910555075542296,7.999999999999981,False,0.8558673469387755,0.04413265306122449,0.00729062681644989,2.027518935433049,-4.189069964833088
4,rope,diagonal_hook,matched_contact,hybrid,0.0035025286198695697,0.18667097723651685,0.00289228123834145,0.006368112668759688,0.0007990796342756465,0.003560127284634051,0.004910555075542296,7.999999999999981,False,0.8558673469387755,0.04413265306122449,0.00729062681644989,2.027518935433049,-4.189069964833088
4,rope,diagonal_hook,shifted_contact,generative_only,0.02078132390543397,1.803993377936363,0.020617965641521973,0.050809817379323566,0.002500174213589264,0.016608092535325015,0.032339208346198786,94.00600468397636,True,0.9987244897959183,0.0987244897959183,0.07845365734917753,0.3583855016090642,-2.768957010385464
4,rope,diagonal_hook,shifted_contact,physics_only,0.007362836665786522,0.6391560349258009,0.00574072162530661,0.008254019528865753,0.0035284011299573557,0.009641574719179846,0.007575744908610155,8.018997441132004,False,0.7257653061224489,0.17423469387755108,0.00729062681644989,9.366141046725216,-0.5197589091870038
4,rope,diagonal_hook,shifted_contact,hybrid,0.007362836665786522,0.6391560349258009,0.00574072162530661,0.008254019528865753,0.0035284011299573557,0.009641574719179846,0.007575744908610155,8.018997441132004,False,0.7257653061224489,0.17423469387755108,0.00729062681644989,9.366141046725216,-0.5197589091870038
4,cloth,diagonal_hook,matched_contact,generative_only,0.010390406710680594,1.3782967440703466,0.01115401095185969,0.02784470142731656,0.0024390560972193977,0.008890493000811073,0.01568967024285889,89.28689852532003,False,0.9861111111111112,0.08611111111111114,0.053931783570778324,0.35825954838695034,-3.0396780357395126
4,cloth,diagonal_hook,matched_contact,physics_only,0.0013413567971945505,0.177932178950171,0.001392497824734366,0.0032010996221641186,0.00035625999338322577,0.0012505079066219167,0.0019526932721600431,7.999999999999981,False,0.9930555555555556,0.09305555555555556,0.007223549315343731,0.3374305973376184,-5.03945054684686
4,cloth,diagonal_hook,matched_contact,hybrid,0.0013413567971945505,0.177932178950171,0.001392497824734366,0.0032010996221641186,0.00035625999338322577,0.0012505079066219167,0.0019526932721600431,7.999999999999981,False,0.9930555555555556,0.09305555555555556,0.007223549315343731,0.3374305973376184,-5.03945054684686
4,cloth,diagonal_hook,shifted_contact,generative_only,0.008536078241690405,1.7309626980900803,0.00912969958019141,0.024515718701930204,0.0014723543263554255,0.006320428432076201,0.013499428309259823,89.30371258430358,False,0.9970238095238095,0.09702380952380951,0.053931783570778324,0.23522441716319956,-3.101195601351388
4,cloth,diagonal_hook,shifted_contact,physics_only,0.0027233853683047526,0.552253429688141,0.0025142828559721786,0.00399792386070619,0.001697858019044693,0.0035114364239539164,0.0026488688966216315,8.016814058983611,False,0.8859126984126984,0.014087301587301648,0.007223549315343731,1.2209121454528717,-4.5977097727892335
4,cloth,diagonal_hook,shifted_contact,hybrid,0.0027233853683047526,0.552253429688141,0.0025142828559721786,0.00399792386070619,0.001697858019044693,0.0035114364239539164,0.0026488688966216315,8.016814058983611,False,0.8859126984126984,0.014087301587301648,0.007223549315343731,1.2209121454528717,-4.5977097727892335
4,soft_block,diagonal_hook,matched_contact,generative_only,0.01187171035242272,1.2937533591828225,0.01299401982430337,0.029774609259923646,0.0027451152896496712,0.010515643504785491,0.017714285612263243,95.66611471891017,False,0.9866071428571429,0.08660714285714288,0.05777025292340887,0.40142427527398394,-2.9574298388225904
4,soft_block,diagonal_hook,matched_contact,physics_only,0.001692973493510155,0.18449659562231974,0.0017841959620328758,0.004049676666550331,0.0004090891690236723,0.001560201576895773,0.002484114448945949,7.999999999999981,False,0.9497767857142857,0.049776785714285676,0.007237727012753055,0.5403405972606883,-4.935597240335649
4,soft_block,diagonal_hook,matched_contact,hybrid,0.001692973493510155,0.18449659562231974,0.0017841959620328758,0.004049676666550331,0.0004090891690236723,0.001560201576895773,0.002484114448945949,7.999999999999981,False,0.9497767857142857,0.049776785714285676,0.007237727012753055,0.5403405972606883,-4.935597240335649
4,soft_block,diagonal_hook,shifted_contact,generative_only,0.009260332814140865,1.5445768890876215,0.010164398157102227,0.024875064036718877,0.0016331902631538948,0.007202169597953562,0.014464474074801779,95.68408874040355,False,0.9988839285714286,0.09888392857142858,0.05777025292340887,0.23726589124965222,-3.0395090308347568
4,soft_block,diagonal_hook,shifted_contact,physics_only,0.002939836193912327,0.4903498755343138,0.002847376605921379,0.004551368668277062,0.0018283159654684039,0.003670807853743898,0.0030226353625499194,8.017974021493357,False,0.8258928571428571,0.07410714285714293,0.007237727012753055,1.5398547268996658,-4.4358401755161605
4,soft_block,diagonal_hook,shifted_contact,hybrid,0.002939836193912327,0.4903498755343138,0.002847376605921379,0.004551368668277062,0.0018283159654684039,0.003670807853743898,0.0030226353625499194,8.017974021493357,False,0.8258928571428571,0.07410714285714293,0.007237727012753055,1.5398547268996658,-4.4358401755161605
